Position X,Position Y,Position Z
1041.63,4514.24,1785.55
1126.14,4446.52,1794.27
1117.55,4446.29,1799.34
1064.26,4445.6,1806.32
1123.07,4462.71,1807.5
1072.45,4445.55,1809.24
1139.19,4468.92,1810.05
1166.6,4491.63,1810.09
1084.5,4445.47,1812.93
1531.64,4474.25,1762
1531.79,4511.58,1762
1588.96,4438.2,1762
1570.89,4443.93,1762
1550.55,4452.25,1762
1632.99,4432.44,1766.36
1548.79,4475.8,1786.53
1567.92,4473.64,1794.6
1557.7,4490.85,1794.07
1549.26,4514.44,1794.35
1570.06,4467.66,1798.75
1565.68,4486.59,1797.73
1599.59,4446.33,1803.08
1567.87,4512.8,1803.28
1580.61,4463.58,1806.62
1580.36,4516.57,1810.29
1608.2,4431.75,1813.17
1617.75,4445.71,1819.12
1587.14,4473.33,1818.23
1629.48,4437.21,1821.36
1591.81,4497.58,1822.84
1674.43,4459.79,1762
1685.47,4492.63,1762
1659.25,4448.5,1769.82
1684.46,4463.11,1778.65
1694.24,4486.4,1777.5
1694.22,4470.31,1790.26
1701.64,4468.92,1805.66
2204.43,4443.32,1793.58
2163.5,4484.57,1798.69
1013.19,4587.54,1775.32
1003.81,4560.57,1805.87
1008.92,4627.83,1812.63
1219.21,4527.69,1797.59
1232.3,4540.2,1797.92
1582.94,4574.99,1762
1622.97,4632.23,1773.66
1566.89,4525.14,1777.3
1642.7,4532.65,1777.95
1557.84,4548.73,1778.97
1553.11,4618.47,1783.79
1617.7,4634.75,1785.12
1613.21,4620.07,1791.1
1669.61,4525.53,1769.3
1687.94,4639.31,1772.73
1694.96,4529.26,1809.7
1692.23,4539.83,1814.17
1699.62,4530.52,1818.17
2170.66,4574.71,1803.07
1044.87,4661.85,1792.18
1072.32,4677.66,1776.74
1061.55,4671.36,1781.26
1327.77,4720.59,1779.16
1363.91,4719.55,1803.05
1439.55,4729.01,1794.26
1440.34,4740.6,1794.44
1639.87,4692.35,1786.96
1685.51,4645.52,1770.22
1696,4681.08,1793.2
1717.6,4711.43,1795.67
1693.98,4670.53,1798.06
1695.77,4664.57,1805.97
1697.61,4710.67,1805.44
1704.47,4709.15,1809.26
1708.09,4675.8,1813.74
1710.21,4668.44,1821.47
1494.66,4866.31,1792.86
1680.49,4813.89,1814.67
1680.75,4794.87,1821.76
1857.27,4811.89,1797.07
1801.67,4825.24,1796.76
1816.97,4800.18,1803.05
1853.96,4817.74,1804.63
1809.27,4802.87,1823.3
2087.43,4836.39,1821.4
2173.31,4876.1,1762
1753.24,4969.12,1796.15
1904.76,4946.22,1810.26
1902.27,4952.47,1813.08
2071.65,4894.59,1782.81
1547.34,5039.67,1806.73
1766.94,5068.89,1777.54
1909.12,5117.97,1822.29
1919.25,5127.51,1823.97
1765.23,5225.33,1762
1773.42,5220.1,1779.93
1761.32,5207.47,1795.17
1722.25,5168.69,1803.46
1770.77,5169.54,1815.86
1776.49,5206.14,1815.22
1762.81,5174.41,1817.18
1762.84,5187.52,1818.4
1860.97,5209.14,1762
1801.76,5234.84,1762
1896.8,5248.42,1762
1847.07,5245.6,1779.18
1860.74,5185.04,1788.98
1812.62,5237.12,1799.2
1831.97,5242.79,1804.64
1861.97,5163.42,1810.27
1941.13,5199.13,1762
1921.56,5246.69,1789.41
1935.51,5247.42,1791
1948.61,5246.77,1801.65
2117.96,5167.97,1784.96
2129.41,5187.6,1805.91
1294.59,5365.23,1798.58
1845.3,5300.13,1780.73
1776.9,5278.13,1786.03
1871.67,5303.14,1785.67
1787.36,5272.5,1797.78
1879.02,5301.08,1798.83
1836.4,5285.44,1806.26
1816.98,5277.6,1814.29
1841.36,5283.46,1814.3
1861.73,5250.51,1818.06
1850.93,5251.18,1816.36
1832.92,5280.12,1817.32
1837.63,5256.33,1823.69
1957.84,5280.16,1764.96
1946.47,5255.51,1773.7
1944.88,5306.64,1781.98
1918.26,5304.76,1797.87
1995.57,5265.22,1809.79
1926.35,5301.95,1819.53
2004.86,5280.05,1820
2280.03,5309.08,1782.06
2452.09,5276.28,1775.68
2414.6,5347.9,1778.26
2406.19,5255.24,1809.97
1293.12,5372.05,1772.53
1287.88,5384.62,1793.71
1295.29,5388.09,1802.55
1839.02,5417.5,1774.35
2407.81,5411.84,1762
2401.27,5403.78,1792.58
1368.21,5585.58,1762
1395.12,5552.18,1806.16
1184.35,5720.76,1769.07
994.342,5789.34,1802.24
976.387,5788.09,1805.09
1011.37,5773.9,1815.18
1071.98,5778.98,1773.43
1063.33,5775.15,1776.16
1071.65,5783.44,1783.67
2338.28,5812.72,1762
2298.53,5799.69,1796.85
2287.46,5805.78,1801.08
1583.6,5852.87,1778.41
1757.08,5958.68,1813.94
2388.35,5958.37,1822.45
2349.25,6104.12,1801.07
2348.93,6102.97,1809.99
1014.39,4287.61,1857.6
1012.38,4282.45,1862.1
1354.38,4375.96,1866.05
1957.42,4371.98,1853.73
1600.13,4471.18,1825.75
1620.91,4421.29,1835.6
1621.7,4457.5,1837.7
1631.14,4453.65,1842.14
1615.85,4464.54,1843.66
1624.02,4467.63,1846.44
1632.34,4478.48,1846.43
1609.7,4500.18,1846.35
1648.12,4445.05,1848.96
1629.74,4467.43,1850.9
1627.75,4513.04,1858.47
1640.19,4512.03,1867.12
1654.56,4469.39,1870.37
1642.81,4490.74,1869.98
1564.25,4408.42,1874.47
1653.59,4484.57,1874.42
1649.52,4509.65,1873.22
1620.95,4403.37,1876.4
1714.49,4488.88,1826.73
1711.29,4515.36,1825.47
1723.31,4481.41,1857.31
1673.34,4516.45,1879.01
1876.26,4485.41,1862.31
1872.18,4492.75,1865.4
1899.94,4452.75,1854.2
1151.71,4641.44,1825.23
1289.32,4577.03,1838.18
1291.53,4568.23,1843.73
1313.66,4641.06,1827.29
1296.8,4595.79,1832.84
1311.14,4623.28,1832.83
1300.88,4577.89,1849.29
1534.21,4583.85,1881.82
1596.21,4578.83,1841.82
1536.97,4585.94,1865.57
1698.29,4618.4,1825.3
1702.49,4606.82,1833.75
1708.15,4542.1,1842.07
1684.51,4617.77,1858.74
1674.31,4540.67,1882.18
1679.6,4548.53,1886.65
1858.31,4524.43,1868.67
1837.27,4552.2,1871.36
1818.26,4601.27,1878.61
1814.57,4616.48,1879.12
1807.99,4632.77,1882.02
1913.35,4613.34,1864.99
1002.56,4648.07,1852.9
1010.57,4653.37,1852.42
1114.26,4667.41,1866.28
1244.34,4699.51,1834.08
1317.16,4652.73,1826.89
1334.4,4680.02,1827.08
1389.5,4711.92,1854.67
1455.41,4749.82,1824.04
1727.02,4715.21,1833.01
1697.47,4756.37,1834.06
1690.39,4758.31,1834.3
1731.71,4709.77,1837.24
1721.99,4664.57,1847.11
1722.86,4761.74,1850.17
1673.07,4710.51,1866.46
1774.94,4711.21,1877.82
1682.89,4753.17,1886.26
1813.15,4691.55,1875.05
1796.88,4674.73,1882.28
1780.73,4703.12,1882.45
1790.31,4688.44,1885.33
1905.7,4759.89,1852.33
1526.82,4794.16,1857.55
1431.03,4804.66,1856.91
1591.33,4858.63,1869.14
1609.83,4857.73,1874.42
1617.14,4868.95,1872.84
1694.98,4795.23,1825.6
1741,4777.69,1834.71
1744.95,4772.32,1839.87
1691.88,4769.04,1847.6
1690.72,4807.53,1845.84
1682.13,4809.13,1846.25
1677.39,4796.5,1851.75
1729.05,4839,1851.24
1693.79,4798.38,1857.97
1955.56,4833.64,1837.25
2030.43,4782.14,1877.53
2280.8,4845.82,1881.65
1138.53,4933.96,1826.05
1768.08,4943.01,1886.29
1864.16,4947.23,1875.47
1883.18,4991.63,1873.36
2016.76,4891.49,1825.4
2019.14,4889.67,1832.84
2216.33,4998.63,1829.94
2215.27,4980.1,1856.34
1103.04,5052.11,1886.03
1755.18,5109.92,1825.19
1868.6,5068.68,1854.35
1877.75,5013.54,1858.71
1864.05,5090.18,1857.95
1859.05,5108.9,1859.32
1878.28,5063.07,1861.47
1788.59,5123.46,1868.84
1845.6,5123.56,1878.2
1777.41,5120.32,1882.89
1832.93,5119.31,1886.04
1953.77,5103.85,1882
2213.46,5071.21,1830.28
1077.74,5135.42,1844.28
1760.88,5177.33,1833.29
1759.26,5185.77,1837.56
1764.91,5205.67,1843.31
1760.79,5171.65,1851.09
1778.3,5190.75,1826.93
1802.36,5246.66,1827.43
1866,5156.84,1834.14
1818.99,5149.55,1842.44
1844.9,5142.03,1844.86
1861.44,5144.34,1845.75
1792.24,5161.43,1845.13
1810.76,5148.72,1855.02
1790.22,5134.01,1857.9
1781.55,5141.08,1856.88
1819.07,5137.87,1866.07
1791.29,5136.52,1874.53
1871.32,5130.92,1878.06
1967.62,5236.25,1827.93
1996.62,5239.94,1843.74
2277.1,5245.54,1852
1474.08,5292.4,1874.59
1885.49,5293.8,1825.97
1844.87,5276.32,1829.75
1887.99,5273.53,1846.72
2001.27,5249.79,1838.11
2002.46,5300.42,1837.21
1901.45,5265.56,1848.19
1907.08,5286.65,1870.24
1972.08,5304.51,1878.06
1988.01,5303.89,1882.14
2054.78,5340.09,1840.98
2089.56,5313.57,1858.7
2037.81,5254.67,1875.22
2027.2,5308.19,1875.67
2074.3,5281.25,1886.84
2059.63,5311.27,1886.66
2178.63,5257.78,1868.97
2333.71,5333.2,1880.18
2459.59,5325.68,1863.79
2390,5366.06,1874.37
1274.71,5380.28,1861.76
1405.22,5388.47,1856.4
2303.39,5385.47,1855.65
2344.81,5388.52,1859.79
2415.02,5381.91,1845.99
2398.37,5374.32,1857.15
1356.36,5591.94,1842.63
1766.07,5495.36,1829.33
1134.59,5658.53,1859.78
1298.92,5665.74,1873.51
1308.47,5660.63,1879.46
1636.15,5715.85,1877.95
994.594,5806.88,1833.85
1074.89,5757.94,1829.33
1059.61,5788.62,1838.32
1086.86,5788.76,1838.69
1108.39,5781.4,1848.69
1168.57,5840.88,1867.6
1100.34,5795.66,1882.72
1234.15,5760.2,1841.37
1240.85,5769.6,1848.96
1208.58,5782.48,1853.14
1184.59,5811.33,1862.91
2364.9,5775.86,1840.8
2367.3,5734.34,1885.15
1792.93,5961.7,1837.75
1906.19,5872.92,1842.6
2257.55,5915.93,1879.24
2253.23,5934.09,1880.78
2301.65,5934.86,1878.16
2394.68,5959.26,1838.97
1966.63,6034.3,1857.89
1984.17,6037.18,1867.25
2022.25,6035.88,1870.08
2349.98,6073.36,1834.16
2350.34,6073.86,1858.57
2459.59,6031.75,1878.14
2156.42,6109.91,1841.42
2151.93,6103.42,1854.28
1619.15,4389.19,1910.3
1598.78,4363.28,1938.83
2198.65,4287.93,1945.88
2459.59,4312.67,1922.83
1561.46,4412.92,1903.26
1635.73,4442.25,1942.43
1718.49,4483.59,1898.83
1660.09,4486.23,1944.62
1067.25,4622.25,1911.46
1061.56,4628.28,1913.11
1334.24,4548.77,1894.44
1343.8,4540.1,1905.9
1354.14,4529.75,1921.83
1362.39,4524.32,1939
1708.45,4609.02,1893.61
1768.69,4620.26,1922.6
1776.43,4631.55,1933.52
1759.21,4627.1,1938.21
1762.08,4638.72,1942.93
1819.1,4600.32,1900.12
1779.3,4643.86,1939.28
1932.85,4591.39,1948.51
992.708,4694.27,1918.19
1218.82,4650.84,1934.16
1681.7,4735.29,1889.34
1713.57,4646.98,1897.71
1698.25,4681.87,1897.82
1688.15,4740.39,1897.66
1700.81,4689.29,1902.54
1731.88,4654.97,1905.98
1696,4728.24,1905.86
1724.32,4672.34,1910.02
1710.86,4692.12,1910.14
1700.85,4697.01,1909.42
1700.29,4722.14,1910.83
1758.78,4646.37,1912.92
1703.61,4713.43,1915.38
1717.92,4697.48,1918.25
1707.08,4738.29,1918.39
1746.24,4660,1921.65
1656.34,4663.23,1926.42
1685.86,4687.21,1927.38
1693.68,4709.57,1924.19
1764.96,4660.94,1929.89
1663.55,4675.73,1929.72
1745.09,4684.94,1930.17
1772.36,4687.35,1930.88
1738.08,4701.34,1934.85
1755.34,4695.94,1938.23
1698.96,4703.87,1941.86
1748.84,4705.47,1941.89
1729.23,4748.26,1946.06
1760.01,4709.24,1950.04
1726.78,4711.9,1950.65
1805.26,4650.29,1898.26
1796.98,4673.22,1898.93
1790.34,4688.28,1898.3
1801.79,4656.65,1901.59
1783.63,4700.35,1905.28
1890.34,4666.66,1946.93
2105.9,4672.23,1930.85
2117.09,4672.49,1934.81
967.291,4805.39,1947.06
1406.45,4776.78,1933.71
1525.16,4783.66,1899.39
1539.03,4789.51,1899.44
1572.9,4807.34,1899.11
1647.52,4827.12,1920.89
1651.91,4840.99,1922.53
1702.61,4779.66,1890.13
1720.3,4793.61,1895.21
1760.16,4801.42,1910.08
1775.48,4809.42,1921.39
1717.55,4769.66,1942.08
1722.89,4771.7,1950.51
1870.34,4842.16,1906.85
1789.18,4806.8,1920.44
1790.44,4814.89,1925.02
2089.54,4798.62,1940.87
1111.92,4945.15,1890.24
1587.02,4887.08,1926.41
1674.47,4961.9,1900.46
1769.62,4912.31,1940.59
1768.28,4920.2,1940.49
1723.68,4916.76,1951.03
1798.57,4920.82,1889.13
1784.78,4900.72,1904.83
2033.53,5001.21,1929.56
2042.94,4997.59,1935.74
2078.91,4974.24,1941.02
2145.78,4926.43,1942.1
1097.38,5049.39,1898.08
1761.04,5032.49,1896.16
1781.46,5111.46,1889.88
1828.98,5112.96,1893.26
1799.11,5114.45,1894.12
1788.35,5092.3,1902
1792.49,5091.26,1908.92
1781.36,5044.4,1934.41
1806.09,5079.07,1933.25
1818.15,5084.01,1934.9
1808.18,5068.3,1937.14
1794.2,5048.99,1942.13
1824.33,5072.41,1949.63
2046.53,5064.88,1934.12
2367.73,5127.63,1950.15
2399.75,5113.82,1892.65
2393.32,5114.81,1914.9
1544.12,5247.27,1903.85
1720.53,5147.69,1889.96
1736.76,5221.07,1925.91
1890.04,5144.28,1893.39
1828.42,5187.1,1894.19
1880.61,5178.65,1918.63
1211.73,5272.69,1902.49
1296.14,5263.17,1929.44
1864.03,5364.68,1938.35
1982.3,5285.64,1914.37
2021.5,5304.7,1894.64
2081.45,5369.31,1896.74
2097.33,5280.82,1904.81
2079.23,5264.17,1910.31
2085.67,5311.51,1926.01
2129.15,5314.93,1924.72
2080.76,5337.88,1925.32
2178.39,5290.1,1897.21
2239.12,5359.23,1902.16
2244.74,5322.79,1905.07
2210.54,5330.24,1911.31
2181.69,5318.47,1916.26
2220.82,5353.88,1918.92
2150.76,5328.71,1936.18
2182.66,5342.34,1947.36
2306.78,5363.22,1912.73
2275.08,5323.41,1950.12
1257.71,5401.1,1896.88
1244.64,5436.95,1933.17
2257.26,5370.46,1901.9
1339.49,5539.13,1906.33
1833.82,5495.25,1927.31
979.591,5612.98,1933.56
1139.14,5657.92,1888.68
1142.48,5652.84,1893.08
1149.94,5642.57,1905.68
1161.67,5621.49,1944.94
2313.17,5699.9,1920.07
2383.04,5716.17,1895.67
2391.68,5697.87,1897.88
1031.73,5822.51,1918.56
1006.52,5808.69,1923.37
1001.95,5822.25,1924.13
945.121,5821.14,1929.67
936.409,5846.48,1944.37
1109.76,5831.36,1890.66
1129.78,5793.68,1896.04
1074.27,5833.8,1905.12
1064.36,5836.93,1913.36
1285.9,5792.04,1894.76
1190.22,5809.21,1914.01
1342.55,5836.69,1892.81
1866.97,5966.37,1891
1873.54,5970.97,1893.43
2007.55,5962.26,1918.13
2003.79,5957.26,1921.89
2010.51,5948.78,1929.47
2032.12,5970.95,1911.78
2053.01,5861.52,1919.57
2032.15,5943.38,1921.83
2022.55,5945.79,1925.46
2055.53,5878.11,1934.45
2067.6,5932.07,1934.14
2044.64,5934.18,1933.86
2060.86,5951.48,1932.91
2055.21,5894.46,1936.46
2062.58,5934.27,1939.3
2081.95,5928.44,1941.74
2228.45,5956.19,1906.05
2151.9,5910.22,1912.67
2143.98,5915.62,1919.36
2215.81,5927.26,1950
2301.3,5947.07,1894.17
1503.26,6047.85,1950.98
2021.31,6018.58,1890.5
2064.02,5981.73,1946.02
2330.16,5994.1,1945.27
2457,5987.33,1927.37
2018.32,6124.2,1892.67
2390.39,6124.2,1942.06
1508.62,4399.97,2008.46
1600.48,4370,1959.22
2132.13,4370.26,1983.22
2180.02,4287.77,1955.37
2140.14,4393.13,2005.32
1562.48,4443.03,1965.92
1541.98,4427.7,1981.03
2076.8,4419.89,1986.23
2145.35,4435.48,2013.31
1949.53,4637.64,2003.5
1940.53,4607.53,2007.1
1958.1,4623.29,2006.26
1955.12,4643.35,2006.02
1942.25,4621.6,2011.39
1974.67,4642.04,2012.94
2112.49,4564.4,1990.18
2172.4,4596.05,2009.75
992.482,4711.48,1959.59
1012.62,4734.14,1966.43
1731.92,4716.01,1954.13
1756.57,4716.09,1953.76
1748.97,4718.57,1957.83
1737.21,4725.71,1963.09
1746.94,4746.84,1970.34
1753.34,4736.57,1974.42
1758.71,4741.77,1978.59
1766.55,4743.11,1982.44
1763.88,4759.21,1990.19
1855.42,4675.35,1958.15
1792.23,4705.6,1957.95
1795.34,4695.04,1961.6
1820.81,4684.78,1970.12
1841.99,4763.71,1969.54
1825.54,4726.67,1973.09
1793.72,4732.53,1978.53
1860.44,4693.17,1985.68
1796.82,4747,2001.88
1779.46,4753.66,2001.72
1788.66,4760.55,2010.06
1889.63,4710.2,2013.49
1920.72,4698.81,1997.46
1949.03,4655.43,2014.14
2137.71,4683.68,1953.57
2159.8,4651.31,1957.12
2243.02,4666.37,1961.83
968.476,4804.19,2000.47
1197.89,4880.14,1962.59
1617.32,4811.39,1989.23
1738.58,4792.77,1957.49
1698.96,4846.94,1963.06
1706.31,4842.29,1966.08
1698.28,4871.37,1966.63
1749.02,4773.56,1981.8
1722.04,4841.6,1981.2
1733.94,4856.7,1985.73
1771.44,4785.55,2002.75
1775.79,4777.36,2006.45
1739.08,4812.75,2006.65
1756.12,4820.7,2010.58
1819.36,4826.06,1954.36
1837.84,4797.76,1957.72
1826.63,4834.41,1958.23
1859.35,4778.27,1986.54
1841.07,4862.68,1990.26
1841.55,4873.44,1995.06
1814.7,4872.52,2002.16
1882.39,4834.91,2010.32
1867.75,4874.85,2010.65
1781.18,4790.88,2014.37
2177.69,4885.05,2005.37
1104.99,4945.26,1987.11
1100,4918.27,2013.22
1631.51,4905.54,1958.2
1652.68,4911.05,1976.34
1880.7,4898.25,1962.01
1886.76,4893.89,1978.18
1884.73,4967.05,1995.79
1890.75,4959.6,2006.08
1854.35,4981.18,2010.56
1989.3,5006.39,1960.99
1954.56,4967.56,2014.09
1960.79,4978.78,2012.25
2030.63,4916.03,1974.08
2152.54,4900.26,1967.66
2160.1,4888.98,1992.81
1142.42,5028.77,2006.91
1722.98,5049.67,1975.22
1774.66,5113.66,1978.1
1738.49,5084.73,1986.94
1727.46,5031.04,2002.1
1807.36,5039.47,1953.22
1810.08,5053.8,1953
1805.86,5028.2,1963.44
1816.2,5033.85,1965.07
1827.57,5050.6,1964.67
1824.03,5030.94,1970.65
1895.97,5102.15,1969.04
1831.92,5008.26,1973.65
1826.75,5083.97,1977.58
1836.67,5033.08,1981.98
1807.81,5118.87,1988.36
1860.08,5022.86,2005.25
1874.72,5023.42,2009.89
1849.92,5024.96,2008.54
1789.63,5066.26,2009.97
1814.84,5028.08,2015.48
1897.66,5112.68,1977.9
1912.8,5053.92,2013.68
2072.28,5082.38,1961.52
1018,5240.72,1981.79
1437.34,5183.61,1979.28
1850.9,5207.41,1972.98
1862.93,5211.33,1977.26
1985.52,5247.84,1954.79
1990.31,5226.41,1982.5
1979.84,5206.08,1991.06
1979.11,5191.14,1998.17
1967.74,5138.05,2014.8
1985.48,5180.01,2013.78
2075.35,5220.83,1996.77
2259.23,5189.38,1972.06
2358.77,5166.73,1991.25
1872.33,5331.21,1962.19
1883.36,5310,1998.16
1784.52,5320.86,2005.55
1795.04,5314.26,2015.08
2016.74,5281.6,1970.29
2013.31,5284.05,1979.87
2081.86,5302.33,1953.6
2061.29,5283.66,1997.39
2108.93,5297.89,2009.54
2181.9,5336.07,1983.69
2231.77,5340.43,1980.63
2161.79,5265.6,1985.11
2203.48,5276.81,1984.89
2152.77,5321.19,1996.27
2240.56,5290.84,2007.12
2202.15,5321.97,2014.48
2263.5,5337.27,1960.8
2272.02,5311.62,1973.72
2381.03,5336.54,1990.69
1209.22,5600.28,1965.18
1124.16,5672.44,1980.93
1106.47,5685.4,1982.42
1101.81,5679.82,1989.45
1075.15,5719.79,2015.97
1189.26,5623.82,1969.71
1211.42,5624.04,1994.59
1203.91,5638.94,1995.41
1426.11,5711.11,2005.65
2459.59,5641.16,1994.38
1110.62,5821.16,1953.88
1138.7,5833.28,1956.93
2008.96,5955.17,1961.27
2086.26,5928.83,1956.51
2045.81,5950.22,1961.14
2093.3,5950.32,1961.65
2084.43,5958.64,1961.9
2028.81,5969.16,1961.32
2048.05,5905.32,1966.02
2044.01,5940.34,1965.65
2040.96,5956.05,1965.18
2032.89,5963.89,1966.29
2102.26,5914.39,1969.3
2047.57,5927.8,1969.15
2036.06,5941.98,1968.54
2033.76,5950.77,1968.41
2086.31,5956.76,1976.69
2110.38,5899.39,1990.17
2117.26,5899.41,1993.76
2131.58,5895.38,1998.16
2085.3,5949.68,2002.85
2110.5,5882.45,2005.95
2110.65,5942.96,2006.31
2131.22,5882.21,2008.99
2071.35,5963.77,2011.2
2073.8,5910.8,2015.04
2159.5,5913.36,2001.34
2139.49,5924.85,2000.69
2158.84,5863.61,2010.47
2151.02,5882.25,2010.47
2146.62,5891.3,2009.91
2331.54,5929.54,2007.54
2459.59,5925.04,1989.27
1511.56,6049.15,1957.22
1759.05,5983.7,1961.59
1814.41,5996.24,1975.38
1879.94,5992.34,2013.58
2230.52,6013.65,2008.9
2337.95,5976.58,1997.71
2459.59,6011.52,1965.43
2459.59,5986.5,1976.24
1563.81,4496.58,2049.53
2114.38,4432.15,2022.25
2117.53,4464.47,2021.71
2106.58,4479.71,2026.89
2095.12,4497.64,2027.9
2076.9,4482.47,2031.34
2060.88,4506.03,2029.11
2084.3,4477.83,2033.52
2061.95,4508.21,2045.48
2083.76,4412.54,2058.03
2081.99,4406.91,2065.89
1067.76,4585.84,2068.33
1593.16,4524.4,2050.91
1587.36,4541.21,2073.95
1996.63,4597.29,2018.3
1956.4,4625.88,2025.7
1996.23,4637.54,2026.74
2016.95,4583.74,2035.04
2013.73,4606.05,2033.68
1977.22,4626.72,2034.92
1954.02,4639.57,2032.2
1983.75,4628.77,2038.75
1966.27,4640.38,2038.43
2005.54,4613.41,2043.8
1974.71,4640.51,2041.64
1994.08,4635.08,2046.08
2008.1,4613.55,2064.16
2018.55,4588.24,2017.71
2057.32,4559.09,2026.03
2089.42,4529.12,2029.39
2072.13,4532.77,2029.95
2045.27,4535.67,2028.68
2025.24,4595.42,2029.14
2122.41,4585.48,2033.55
2056.52,4544.23,2041.62
2028.55,4569.39,2042.7
2037.7,4562.95,2050.88
2163.76,4632.62,2042.24
2154.66,4566.42,2077.26
983.562,4755.7,2041.59
1760.12,4747,2040.14
1853.85,4746.23,2017.51
1864.08,4748.61,2025.81
1895.9,4756.44,2027
1858.56,4758.99,2029.4
1875.27,4762.16,2044.65
1886.85,4750.77,2062.99
1879.99,4758.95,2071.17
1804.25,4737.24,2073.51
1946.25,4662.4,2018.46
1940.99,4673.94,2018.63
1985.84,4645.96,2021.23
1958.27,4679.25,2021.33
1943.08,4699.88,2025.43
1917.34,4705.95,2028.92
1907.47,4719.61,2030.64
1925.6,4725.65,2030.92
1908.89,4756.17,2028.37
1936.75,4724.04,2032.87
1951.52,4656.25,2042.17
1974.52,4647.86,2046.43
1949.67,4678.27,2046.54
1982.79,4653.33,2049.1
1962.14,4658.29,2049.8
1964.64,4677.71,2051.61
1956.27,4683.47,2049.34
1969.95,4671.83,2053.76
1948.23,4702.36,2053.79
1926.49,4703.56,2053.5
1976.88,4663.51,2057.56
1940.69,4715.72,2062.19
1910.31,4728.52,2062.29
1932.43,4721.32,2065.89
1913.54,4739.26,2066.11
1939.43,4740.8,2065.68
1913.58,4750.72,2070.21
1951.19,4748.54,2074.71
1957.97,4760.99,2078.76
2121.14,4659.56,2060.87
2112.86,4668.76,2065.48
2104.4,4684.56,2074.91
2079.94,4712.58,2076.52
2139.75,4645.61,2056.6
2174.59,4706.09,2073.56
2159.7,4710.45,2079.42
979.227,4767.22,2040.52
972.181,4788.79,2052.3
1462.51,4776.12,2035.1
1633.05,4792.55,2059.4
1752.51,4810.42,2025.93
1763.15,4803.86,2037.57
1774.64,4799.91,2041.23
1794.98,4771.47,2022.77
1781.64,4811.35,2022.79
1787.59,4795.49,2026.66
1891.45,4809.19,2026.07
1883.37,4782.82,2030.63
1880.55,4777.95,2037.83
1796.71,4782.45,2038.61
1867.03,4769.13,2041.96
1789.41,4772.51,2040.14
1827.72,4769.67,2049.41
1814.66,4775.03,2051.03
1808.84,4810.13,2054.87
1838.98,4773.39,2057.42
1816.2,4811.32,2057.58
1823.6,4782.53,2061.16
1826.36,4807.8,2062.48
1834.31,4787.28,2066.13
1834.68,4805.35,2066.82
1894.47,4769.19,2070.69
1844.26,4790.79,2069.86
1842.09,4805.26,2070.65
1850.95,4793.49,2074.51
1849.75,4801.56,2074.48
1875.07,4768.29,2079.37
1856.46,4795.17,2078.77
1904.38,4766.71,2028.26
1898.71,4797.65,2030.58
1906.92,4863.63,2043.2
1939.21,4818.31,2065.26
1929.31,4830.99,2064.7
1944.42,4809.27,2074.32
1918.15,4778.94,2077.46
2184.26,4784.53,2066.21
2195.46,4828.23,2066.26
2202.31,4823.27,2070.42
1082.25,4938.97,2021.44
1245.96,4925.35,2016
1763.47,4908.62,2070.49
1897.19,4912.93,2024.86
1876.25,5004.98,2026.88
1782.14,4917.43,2031.3
1826.5,4948.8,2034.13
1888.84,4901.59,2037.89
1887.72,4945.86,2038.68
1795.65,4984.82,2036.89
1782.37,4984.8,2042.35
1799.74,4929.89,2047.12
1894.62,4991.96,2045.03
1881.04,5001.61,2048.05
1888.85,4930.16,2053.66
1834.85,4937.52,2054.17
1891.92,4953.48,2053.7
1891.37,4935.69,2058.17
1846.09,4948.51,2063.37
1867.31,4969.88,2061.18
1863.48,4962.44,2065.64
1862.92,4937.83,2074.03
1879.07,4952.91,2074.64
1793.18,4988.68,2075.8
1794.41,4943.88,2077.67
1941.38,4968.73,2016.98
1907.42,4964.84,2021.07
2015.19,5002.22,2051.38
2017.2,4904.89,2052.26
1969.06,4920.78,2059.09
1902.3,4978.85,2070.47
1917.3,4956.53,2074.02
1923.69,4955.33,2077.1
2142.13,4961.44,2074.8
2264.89,4953.91,2022.61
2393.3,4992.98,2054.32
1743.38,5016.81,2024.52
1883.38,5029.56,2019.78
1821.5,5079.29,2037.17
1819.89,5071.82,2055.86
1878.26,5065.97,2070.88
1882.47,5057.81,2077.63
1982.22,5114.87,2053.1
2013.63,5123.56,2067.13
1963.25,5041.94,2077.22
1911.98,5175.58,2041.69
2004.51,5136.76,2056.48
2038.35,5233.9,2061.73
2184.94,5243.3,2056.41
2346.21,5186.19,2061.48
2451.81,5193.04,2079.16
1817.61,5303.33,2029.85
1893.99,5276.77,2063.02
1902.97,5268.99,2077.76
2117.23,5290.98,2039.09
2036.66,5251.89,2066.95
2192.33,5264.59,2018.78
2205.84,5306.47,2044.78
2231.73,5262.62,2058.87
2185.01,5362.41,2059.16
2158.23,5296.43,2067.49
2233.04,5290.62,2071.9
2389.07,5341.55,2050.53
2395.3,5320.14,2078.72
1260.7,5397.75,2040.73
2010.38,5393.3,2064.82
2151.52,5436.79,2042.41
2159.13,5429.02,2046.12
2256.05,5461.19,2071.82
2225.67,5474.81,2079.27
1134.26,5545.6,2025.04
1033.32,5724.3,2025.68
1068.05,5730.22,2022.28
1255.82,5635.2,2022.83
1268.58,5629.75,2045.02
1370.58,5621.24,2044.74
1541.98,5698.77,2046.54
1541.96,5698.27,2054.67
1050.4,5735.48,2031.15
1045.96,5753.82,2032.17
1014.84,5755.18,2052.99
1035,5765.52,2053.93
961.197,5752.85,2056.29
1010.39,5768.7,2068.54
2173.44,5846.99,2031.54
2182.95,5823.13,2038.43
2167.21,5834.38,2048.4
1005.53,5875.7,2073.93
1835.15,5967.89,2047.23
2132.76,5938.83,2016.84
2094.65,5913.96,2034.25
2099.96,5915.83,2038.67
2104.72,5894.53,2045.65
2109.68,5906.86,2046.5
2119.53,5923.07,2046.75
2126.66,5920.9,2049.09
2129.55,5912.82,2058.31
2126.53,5902.17,2066.47
2077.98,5943.89,2065.83
2170.13,5868.27,2019.33
2177.13,5888.47,2055.09
2176.66,5860.51,2070.19
2140.38,5950.32,2068.68
2341.03,5924.6,2072.94
2341.91,5938.43,2076.82
2362.51,5938.16,2077.86
1866.12,5986.42,2016.32
1984.39,5980.46,2028.42
1965.08,6065.93,2065.29
1905.24,6087.53,2069.3
1986.04,6058.72,2077.38
2219.08,6003.1,2034.81
2168.91,5978.22,2066.2
2344.89,5974.16,2033.13
1916.51,6104.41,2078.45
2070.53,4394.76,2089.92
2037.81,4362.35,2130
1222.5,4479.03,2115.12
1217.36,4513.8,2142.86
1566.56,4530.89,2102.52
1586.28,4590.77,2101.69
1644.83,4556.49,2141.29
1219.72,4707.56,2100.05
1523.4,4710.99,2097.01
1623.72,4753.08,2115.62
1610.37,4715.7,2126.37
2019.34,4764.61,2091.35
2169.08,4740.35,2083.01
2195.55,4744.89,2098.55
2174.33,4695.7,2126.08
1573.26,4801.85,2116.32
1637.42,4816.92,2126.96
1640.14,4805.51,2135.31
1876.94,4777.11,2083.82
1862.61,4796.04,2082.61
1867.82,4800.86,2086.33
1871.93,4807.53,2089.76
1873.16,4817.36,2095.04
1845.83,4865.14,2098.77
1878.26,4827.27,2102.91
1857.34,4855.52,2106.27
1846.09,4881.37,2107.83
1878.01,4838.45,2109.59
1866.99,4865.28,2122.2
1838.44,4881.07,2123.04
1876.38,4859.87,2127.01
1843.69,4885.96,2127.46
1891.57,4869.83,2138.32
1881.95,4879.23,2142.69
1997.01,4781.12,2086.08
1956.24,4795.22,2087.5
1914.72,4808.26,2086.6
1948.58,4784.78,2089.43
1917.65,4791.91,2089.94
1924.43,4809.93,2090.63
1916.54,4775.33,2094.45
1927.88,4835.88,2095.34
1913.13,4804.54,2096.55
1921.31,4807.06,2102.52
1931.85,4850.69,2100.91
1910.07,4830.65,2109.13
1940.7,4801.17,2113.55
1916.46,4839.08,2114.23
1951.9,4809.72,2117.78
1900.77,4846.93,2118.23
1904.53,4851.56,2122.64
1992.15,4883.01,2122.2
2000.56,4855.1,2127.26
1928.85,4844.18,2135.35
1926.26,4863.53,2134.7
1983.7,4863.78,2133.2
1903.36,4867.46,2138.76
1960.18,4838.85,2142.27
2038.69,4843.19,2142.46
2209.89,4816.52,2086.3
2228.53,4796.03,2099.31
2246.06,4804.66,2125.67
2203.56,4824.73,2140.91
2234.13,4868.15,2141.5
2267.54,4841.55,2138.89
2276.32,4828.56,2142.21
1241.12,5006.83,2135.53
1748.87,4903.48,2118.77
1733.87,4910.85,2119.56
1767.37,4893.45,2122.96
1826.78,4990.91,2083.42
1810.73,4948.56,2094.4
1890.58,4969.97,2094.55
1859.24,4995.16,2109.96
1824.89,4886.62,2117.62
1863.79,4886.71,2134.3
1871.29,4886.39,2138.38
1933.1,4953.97,2081.71
1920.46,5004.6,2082.05
1948.09,4953.99,2088.69
1952.47,4939.61,2093.95
1949.12,4963.71,2094.18
1910.94,5001.93,2092.77
1950.94,4905.9,2098.34
1955.1,4969.14,2097.93
1924.53,4984.16,2098.73
1998.51,4922.27,2101.25
1942.36,4986.75,2101.65
2011.57,4909.27,2105.42
1969.1,4916.03,2105.34
1984.89,4918.06,2107.65
1971.13,4996.02,2107.23
1970.9,5003.51,2107.26
1957.37,4900.21,2108.96
1975.61,4944.76,2117.31
1972.69,4928.6,2123.17
2131.71,4967.73,2086.43
2026.02,4957.01,2106.74
2048.51,4975.03,2105.43
2459.59,4969.34,2121.82
2459.59,4983.67,2121.54
1148.87,5121.9,2102.52
1469.69,5026.42,2110.13
1871.21,5067.87,2086.67
1885.47,5040.64,2090.5
1806.72,5108.55,2098.57
1891.7,5024.48,2106.71
2003.28,5076.01,2087.14
1932.73,5067.89,2100.72
1974.37,5019.12,2108.18
1973.59,5020.18,2137.34
1974.12,5025.83,2141.68
2032.98,5125.47,2085.41
1941.44,5244.81,2127.03
2095.55,5202.26,2083
2066.03,5166.29,2087.42
2031.8,5242.62,2094.56
2099.3,5175.85,2098.68
2111.04,5142.68,2118.21
2258.39,5229.61,2127.7
2325,5198.27,2105.99
1245.07,5364.15,2093.67
1222.91,5355.13,2098.34
1909.26,5265.14,2083.14
2011.6,5358.45,2084.25
1918.05,5259.74,2089.57
2130.74,5285.11,2085.51
2105.63,5298.73,2105.12
2128.31,5274.46,2127.13
2207.4,5349.44,2096.15
2156.72,5284.51,2127.42
2199.17,5287.71,2126.98
2251.17,5268.3,2132.95
2349.49,5360.78,2142.05
1131.89,5469.45,2102.54
1097.33,5404.71,2126.92
1090.77,5400.52,2134.28
1077.45,5439.86,2141.6
1231.39,5372.44,2093.68
1199.52,5431.17,2112.75
1203.95,5438.42,2113.92
1193.69,5422.37,2118
1191.45,5417.18,2126.9
1263.42,5460.58,2131.6
1374.09,5456.99,2107.07
1394.01,5468.17,2126.9
2227.29,5462.21,2080.65
2241.35,5463.38,2082.1
2456.05,5482.06,2113.01
2448.62,5474.22,2121.53
2437.75,5474.46,2129.33
1155.55,5596.14,2102.2
1404.97,5521.39,2132.63
1996.79,5521.23,2090.66
2216.25,5504.41,2080.57
2140.56,5527.69,2096
2369.88,5573.19,2107.88
2356.47,5560.44,2134.21
2316.76,5581.15,2140.22
2444.97,5502.77,2101.53
2453.79,5494.62,2109.66
2434.57,5509.43,2114.02
2435.09,5499.58,2118.52
2457.18,5577.99,2118.12
2424.41,5509.63,2121.05
2459.59,5549.78,2127.17
2415.38,5512.09,2130.38
2459.59,5543.57,2130.89
2451.78,5535.6,2141.68
2307.94,5728.47,2093.43
2316.51,5651.33,2099.27
2284.74,5648.36,2106.84
2317.99,5690.83,2110.02
2340.95,5615.48,2119.41
2326.69,5673.6,2138.9
2263.32,5729.63,2138.76
2307.9,5720.38,2141.05
2459.59,5614.75,2106.16
2459.59,5628.61,2104.89
2414.04,5671.35,2104.46
2455.33,5666.42,2118.63
2459.59,5655.8,2122.85
2056.67,5846.56,2141.51
2188.99,5800.55,2089.95
2257.66,5744.79,2133.32
2254.9,5761.5,2139.05
2314.11,5828.13,2086.99
2321.69,5852.22,2092.45
2268.21,5799.61,2103.59
1772.88,5891.01,2122.84
1894.47,5962.64,2105.07
2035.1,5968.7,2080.43
2127.24,5895.34,2106.24
2147.93,5890.22,2106.99
2341.75,5910.31,2085.55
2328.37,5912.69,2084.05
1957.01,5993.87,2089.74
1907.67,6076.05,2105.3
1918.72,5988.83,2114.93
1925.27,6026.12,2129.53
2025.32,6000.08,2122.06
2036.94,5993.67,2126.25
2177.39,6049.38,2090.91
2165.6,6033.15,2138
2358.28,6061.82,2132.42
1928.18,6124.2,2095.71
2021.57,4350.19,2164.85
1203.87,4515.73,2169.75
1197.84,4519.75,2175.06
1192.15,4520.71,2182.67
1558.83,4540.93,2157.82
2160.54,4601.29,2195.2
974.787,4698.72,2181.83
981.466,4702.2,2191.47
1586.24,4648.77,2169.84
2151.83,4714.72,2195.48
1606.59,4823,2145.99
1772.36,4830.21,2205.24
1883.75,4803.23,2174.59
1863.19,4806.95,2185.04
1912.33,4872.45,2146.21
1971.53,4866.84,2149.92
1899.51,4882.66,2155.08
1943.29,4845.82,2157.35
1906.54,4883.71,2158.79
1966.53,4853.8,2161.12
1929.67,4876.31,2162.87
1963.98,4859.07,2192.48
2229.49,4805.71,2169.24
2207.62,4825.26,2170.52
2233.6,4883.08,2186.8
2244.97,4851.11,2193.12
2210.52,4827.25,2201.71
2218.3,4843.87,2202.7
2234.78,4850.6,2200.1
1057.68,4994.55,2186.03
1403.82,4972.94,2157.69
1892.31,4891.47,2154.12
1884.82,4897.35,2154.22
1822.12,4957.18,2155.19
1889.01,4913.78,2159.05
1785.76,4954.17,2184.56
1857.64,4899.92,2192.61
1971.62,4914.14,2144.97
1976.07,4902.72,2154.08
1976.61,4908.22,2162.28
1906.46,4912.3,2170.7
1913.2,4911.33,2175.24
1926.03,4894.84,2179.22
1977.39,4908.92,2182.14
1990.34,4941.09,2180.95
1908.79,4980.12,2190.77
1929.43,4908.65,2205.6
1939.72,4933.94,2205.67
2054.9,4917.79,2177.25
2161.82,4929.59,2156.61
2205.42,4928.41,2188.71
2283.49,4919.34,2147.71
2275.73,4936.17,2147.72
2315.13,5000.02,2146.02
2328.82,4994.07,2152.64
2302.18,4947.06,2158.04
2285.51,4984.4,2174.26
2335.99,5000.33,2173.41
2277.99,4990.93,2189.77
2262.12,4961.88,2195.87
2306.03,4969.97,2193.37
2270.57,4936.49,2201.12
2459.59,4992.48,2158.19
1109.78,5083.44,2172.06
1447.76,5021.47,2174.5
1692.54,5055.8,2145.71
1998.28,5008.58,2145.26
1989.35,5015.88,2145.15
1996.88,5027.08,2157.83
1990.76,5045.65,2169.79
1913.89,5030.44,2182.2
1915.65,5016.18,2190.21
2083.27,5077.09,2162.41
2025.96,5028.33,2172.76
2099.68,5076.61,2178.22
2030.73,5044.48,2180.75
2055.78,5068.81,2202.19
2330.34,5026.83,2162.78
2322.95,5017.54,2165.18
2357.33,5062.89,2190.66
2291.95,5013.96,2201.58
2459.59,5047.9,2166.1
2459.59,5098.95,2188.89
2459.59,5024.78,2193.69
2447.23,5110.58,2199.6
985.448,5219.7,2162.06
991.541,5175.63,2168.9
1033.43,5199.7,2178.12
1037.58,5216.62,2181.61
1046.31,5205.71,2186.55
2014.39,5233.57,2153.31
1907.1,5213.17,2169.68
2031.83,5226.04,2185.55
2076.01,5137.68,2198.48
2223.78,5206.59,2203.55
2275.64,5213.21,2149.3
2329.07,5227.05,2195.06
2313.07,5231.05,2195.4
2330.12,5219.37,2205.85
2453.2,5220.54,2163.13
2459.59,5226.97,2185.41
2454.74,5211.26,2191.14
2459.59,5130.18,2202.02
2390.68,5202.85,2203.23
2459.59,5148.6,2206.42
1203.52,5358.6,2154.11
1818.21,5348.1,2179.7
1814.18,5360.36,2185.36
2062.51,5350.81,2179.48
2077.34,5310,2189.75
2204.99,5273.96,2159.66
2183.06,5277.61,2161.74
2223.28,5350.99,2160.79
1109.98,5383.97,2175.19
1105.92,5376.06,2177.85
1079.11,5447.06,2184.1
1265.26,5439.65,2197.21
1775.05,5394.46,2184.77
1886.19,5457.87,2146.12
1876.9,5456.64,2153.09
1800.85,5415.94,2177.36
1808.73,5424.88,2180.77
2116.69,5443.85,2191.21
2179.22,5439.54,2188.61
2365.62,5479.6,2156.9
2363.87,5434.67,2180.41
2346.97,5450.49,2183.38
2330.3,5383.44,2184.68
2345.37,5447.45,2190.36
2341.5,5441.17,2194.21
2331.87,5489.83,2204.41
2403.94,5451,2149.08
2410.32,5474.81,2149.83
2399,5436.64,2153.33
2414.2,5459.78,2157.61
2395.74,5467.34,2159.53
2398.63,5481.91,2161.95
2454.78,5376.11,2168.67
2410.36,5381.1,2170.13
2410.31,5396.42,2173.01
2459.59,5432.23,2191.1
2425.17,5378.5,2194.64
2396.64,5451.34,2194.67
2418.3,5438.26,2203.75
2426.42,5399.56,2205.18
2459.59,5418.36,2205.3
1228.53,5492.84,2179.12
1490.33,5584.28,2194.83
1918.79,5559.92,2194.64
2193.3,5498.05,2153
2330.04,5542.22,2164.94
2369.3,5598.78,2168.4
2283.68,5591.01,2176.53
2312.31,5538.11,2195.32
2346.92,5609.38,2195.65
2330.55,5506.15,2205.86
2329.59,5538.72,2206.07
2409.34,5535.95,2161.09
2435.33,5532.18,2177.61
2389.83,5562.15,2178.13
2453.55,5529.59,2196.59
2454.02,5507.16,2205.45
2019.87,5669.28,2201.3
2257.58,5658.41,2157.53
2258.92,5638,2165.42
2340.7,5643.82,2161.23
2285.3,5631.46,2184.79
2428.82,5642.75,2162.92
978.331,5841.6,2178.16
1995.74,5794.43,2164.44
1981.92,5782.92,2174.99
1897.92,5896.71,2196.58
2023.29,5942.27,2205.68
2011.65,5995.82,2160.81
2006.04,6009.22,2161.77
2205.26,6017.93,2162.06
2202.59,6010.22,2169.94
2232.18,6014.9,2181.22
2375.41,6032.59,2166.2
2288.99,6034.04,2171.15
2301.96,6031.85,2177.23
2333.22,6011.88,2206.93
1993.7,4329.98,2235.51
1582.61,4516.27,2226.16
2181.61,4507.79,2224.27
2231.1,4408.3,2242.54
2207.16,4474.84,2262.46
2193.11,4486.56,2268.67
981.809,4563.07,2217.62
993.586,4551.67,2220.54
1430.21,4598.78,2253.31
1578.59,4607.31,2248.66
1914.62,4592.77,2212.61
1595.65,4689.66,2253.05
1774.18,4752.87,2229.06
2126.14,4684.51,2261.19
2129.01,4678.14,2267.3
1101.76,4793.08,2239.15
1614.67,4809.26,2251.5
1800.7,4807.6,2220.26
2213.71,4848.11,2226.11
2215.42,4832.17,2255.67
2229.12,4884.76,2257.12
2158.11,4829.75,2260.6
1072.96,4966.25,2209.23
1132.93,4916.61,2265.61
1867.42,4928.38,2230.74
1869.96,4936.38,2242.12
1873.66,4939.71,2252.9
1941.39,4939.55,2210.75
1946.13,4898.32,2217.09
1948.59,4913.64,2230.47
1939.17,4926.84,2231.16
1971.37,4932.75,2231.87
1945.33,4954.23,2230.72
1975.29,4956.85,2229.65
1943.44,4934.74,2247.13
1972.72,4968.65,2245.26
1991.15,4982.75,2250.84
1952.93,4969.94,2253.76
1962.99,4978.06,2257.73
1974.97,4997.4,2258.48
1933.03,4979.89,2262.23
2009.62,5005.7,2271.16
2089.88,4977.28,2222.17
2209.7,4913.22,2246.46
2305.48,4992.45,2208.98
956.826,5087.63,2217.22
966.162,5127.19,2225.5
1985.65,5113.82,2209.82
1956.08,5035.03,2258.12
1965.87,5065.53,2262.13
2056.59,5085.6,2214.21
2071.39,5082.68,2218.07
2073.82,5094.9,2226.3
2080.38,5054.29,2254.32
2163.74,5092.74,2246.67
2171.66,5108.71,2247.85
2154.52,5039.1,2249.77
2156.57,5106.93,2249.97
2177.2,5127.09,2256.39
2344.41,5037.86,2208.99
2306.43,5069.76,2210.08
2314.81,5083.15,2214.43
2322.17,5117.52,2218.04
2368.07,5079.97,2226.82
2360.34,5070.97,2232.54
999.507,5175.14,2209.64
973.406,5138.18,2222.41
1009.22,5129.48,2260.99
1766.33,5127.99,2257.44
1871.92,5156.87,2221.12
1834.12,5153.5,2247.3
1814.6,5155.07,2260.97
1997.58,5154.83,2221.21
1937.2,5193.03,2257.39
2080.69,5210.94,2242.44
2064.1,5214.25,2251.11
2118.71,5172.08,2253.02
2077.91,5210,2269.98
2236.09,5189.89,2213.55
2177.01,5200.31,2233.05
2229.06,5165.06,2250.49
2337.3,5135.81,2222.46
2334.58,5194.54,2228.48
2353.84,5241.53,2232.9
2365.24,5194.61,2247.11
2371.83,5231.24,2264.69
2459.59,5187.4,2216.48
2459.59,5229.88,2227.28
2396.2,5128.21,2242.87
2420.95,5219.97,2261.81
2412.55,5177.73,2267.59
2403.03,5183.2,2267.7
1064.78,5357.08,2233.56
1131.04,5274.97,2245.22
1125.46,5266.35,2250.21
1778.68,5254.3,2238.42
2127.77,5347,2214.44
2028.16,5278.01,2262.26
2172.35,5249.59,2222
2172.16,5306.19,2231.81
2226.93,5343.02,2236.99
2369.31,5287.14,2225.26
2354.06,5310.36,2231.11
2357.47,5289.38,2234.79
2416.32,5260.79,2229.57
1102.88,5369.95,2210.57
1123.8,5376.67,2251.87
1157.09,5421.62,2266.7
1840.83,5374.67,2241.22
1833.87,5381.53,2252.69
2150.6,5375.05,2219.61
2330.93,5466.55,2237.2
2410.94,5432.43,2218.75
2455.78,5458.52,2219.5
2438.5,5476.57,2241.79
2434.34,5486.82,2254.04
979.696,5579.34,2217.24
1499.39,5571.29,2210.67
1500.13,5556.85,2213.22
1540.76,5543.05,2252.4
1556.58,5546.95,2254.41
1880.87,5501.46,2229.84
2124.94,5575.88,2256.81
2112.93,5559.86,2262.27
2259.88,5595.35,2248.27
2276.43,5584.8,2246.97
2392.97,5522.75,2220.53
2435.11,5514.39,2225.83
1060.98,5623.99,2224.4
1891.27,5639.34,2225.62
1987.48,5719.9,2257.33
1943.57,5640.64,2270.35
1989.19,5676.95,2271.04
1724.77,5748.87,2270.93
1796.2,5798.99,2230.96
1943.82,5844.46,2211.18
1943.04,5835.42,2214.48
1983.68,5752.02,2241.46
2101.86,5815.43,2264.69
2186.49,5759.1,2243.32
2187.29,5832.43,2268.56
1895.03,5908.26,2261.81
1889.69,5906.77,2269.45
1940.31,5859.57,2213.46
2068.24,5970.4,2219.2
2057.95,5967.78,2222.61
2050.53,5959.83,2225.59
2024.26,5936.24,2242.24
2118.41,5957.44,2248.7
2352.22,5960.83,2242.07
2359.75,5961.66,2242.21
2343.68,5961.65,2244.89
2370.05,5963.41,2245.4
2370.18,5970.5,2249.16
2352.22,5946.31,2253.83
2329.27,5945.76,2258.61
2278.61,5954.4,2256.52
2287.93,5939.43,2261.62
2343.79,5943.8,2263.79
2389.83,5961.66,2250.73
2459.59,5918.63,2265.8
2210.47,5981.93,2213.29
2226.01,5979.91,2217.3
1973.68,4319.93,2277.84
1948.6,4316.11,2312.62
1109.68,4455.85,2299.33
1598.57,4491.42,2307.7
2207.01,4499.22,2293.13
1050.59,4541.07,2325.05
1020.19,4598.79,2334.28
1573.75,4615.78,2315.51
1582.2,4638.51,2329.71
1581.01,4539.75,2335.7
2420.93,4642.58,2306.63
1097.57,4721.53,2303.01
1069.23,4736.67,2309.42
1603.05,4751.3,2290.64
1175.32,4801.79,2307.6
1184.21,4796.03,2314.57
1380.68,4851.74,2334.49
2100.61,4826.64,2329.33
2089.51,4840.32,2335.57
2241.79,4792.5,2295.14
1157.75,4918.64,2294.24
1897.38,4896.94,2304.51
1949.03,4979.64,2275.32
1952.26,4997.05,2275.13
1900.14,4971.05,2294.64
1949.05,4991.27,2297.92
1907.5,4933.77,2300.7
1907.17,4947.02,2306.42
2179.86,4910.97,2317.33
2180.7,4918.19,2316.75
1046.21,5127.79,2302.01
1144.68,5123.91,2333.96
1742.99,5020.75,2303.51
1885.17,5026.23,2294.9
2007.12,5016.68,2277.87
2006.34,5022.18,2282.96
1987.57,5031.72,2286.57
1970.99,5047.84,2288.08
1969.74,5064.82,2288.55
1998.37,5031.4,2293.46
2003.1,5043.22,2297.84
1999.22,5051.27,2298.3
1969.81,5028.2,2301.91
2001.52,5056.7,2302.66
1956.64,5010.89,2305.61
1986.67,5107.13,2306.17
1965.08,5023.99,2309.37
1972.31,5051.48,2314.64
2009.86,5068.34,2314.6
2012.4,5121.05,2314.31
2005.23,5123.27,2315.27
2016.6,5065.58,2319.04
1977.54,5068.67,2324.88
1974.05,5075.97,2325.02
1971.78,5097.85,2327.11
1980.08,5073.99,2329.94
2025.48,5040.14,2294.7
2052.99,5048.3,2293.76
2104.32,5088.61,2299.69
2153.59,5070.09,2323.31
991.637,5230.27,2322.97
1334.65,5225.84,2334.76
1429.79,5131.75,2307.45
1780.64,5205.81,2284.91
1983.62,5152.4,2309.36
2058.53,5156.97,2275.49
2096.2,5148.05,2277.79
2059.82,5156.88,2292.31
2105.33,5205.94,2293.43
2083.18,5208.72,2293
2057.66,5163.61,2302.37
2119.14,5197.96,2300.66
2110.72,5170.13,2305.58
2129.82,5140.33,2309.59
2115.2,5181.64,2311.5
2127.39,5200.65,2309.17
2095.93,5206.11,2310.55
2132.4,5146.17,2313.33
2107.72,5185.99,2313.51
2081.02,5197.18,2324.48
2025.37,5137.67,2335.32
2162.82,5226.05,2278.77
2228,5233.9,2298.19
2210.41,5217.87,2319
2145.33,5158.71,2330.49
2230.03,5228.14,2334.93
2265.45,5235.7,2321.88
2342.61,5165.72,2331.17
2459.59,5158.46,2307.81
969.143,5293.48,2281.03
1023.56,5337.05,2303.45
1105.98,5326.35,2273.85
1082.82,5359.06,2282.43
1162.73,5336.32,2297.75
1965.79,5339.28,2286.16
1963.03,5362.52,2308.29
2019.35,5273.1,2273.43
2235.32,5326.13,2290.24
2167.69,5347.29,2321.92
1167.47,5430.39,2274.84
1117.62,5385.78,2312.71
1370.85,5463.85,2303.84
1401.13,5475.82,2305.71
1834.58,5409.7,2298.44
2046.77,5467.26,2334.01
2169.95,5416.98,2323.58
2358.52,5437.43,2290.26
2375.01,5429.74,2298.32
2414.16,5488.94,2306.04
2417.75,5452.85,2308.8
2459.59,5439.17,2331.83
1019.45,5534.02,2289.18
1953.16,5520.57,2274.06
2014.89,5561.79,2310.99
1903.57,5490.63,2319.42
2014.92,5546.57,2317.16
2071.78,5496.55,2309.78
2026.24,5492.56,2332.51
2385.26,5591.5,2311.59
2459.59,5504.74,2333.81
1566.9,5623.05,2293.04
1990.04,5667.62,2274.54
1989.72,5642.48,2286.23
1991.21,5635.98,2289.64
1914.68,5713.04,2295.78
1910.7,5619.44,2299.04
2069.51,5667.28,2329.37
2110.73,5765.63,2319.09
2110.81,5842.2,2330.62
2064.89,5845.36,2328.78
2130.22,5838.91,2335.22
2379.63,5756.17,2327.6
1979.55,5914.52,2282.57
1944.84,5902.33,2296.28
1915.2,5884.68,2325.97
1907.72,5883.67,2331.49
2178.06,5864.94,2331.44
2268.61,5946.55,2273.26
2358.39,5917.29,2290.95
2322.79,5919.09,2290.43
2366.32,5955.49,2290.59
2448.29,5911.52,2273.83
2459.59,5912.26,2274.27
2458.4,5965.38,2274.13
2449.36,5910.02,2309.75
2446.71,5879.91,2319.39
2454.58,5881.6,2316.91
2459.59,5873.32,2328.85
2459.59,5865.59,2333.17
1593.82,4282.45,2370.29
1927.25,4315.34,2353.55
1054.94,4521.49,2345.89
1053.44,4490.32,2378.24
1065.99,4483.59,2391.29
1604.55,4480.01,2342.72
1569.03,4634.71,2398.56
2382.01,4619.01,2345.09
1586.79,4651.64,2366.37
1948.94,4755.38,2379.05
1945.46,4747.77,2381.69
1173.88,4856.96,2337.38
1174.99,4844.41,2342.7
1990.49,4772.42,2342.85
1925.94,4767.33,2375.45
2098.17,4869.58,2339.35
2210.79,4829.75,2366.79
2242.27,4824.58,2381.17
1009.52,4962.92,2387.69
991.085,4956.18,2398.12
1001.16,4969.44,2399.76
1142.3,4995.23,2371.63
1134.12,4991.37,2374.39
1119.5,4989.25,2377.85
1117.92,5001.68,2388.84
1724.57,4971.71,2393.32
1843.4,4909.34,2395.11
2017.58,4907.47,2381.49
1941.63,4990.63,2397.49
2137.13,4927.21,2380.72
2139.26,4944.42,2377.55
2140.17,4958.38,2379.32
2144.33,4983.31,2390.16
2142.48,5001.16,2390.88
2346.76,4993.09,2360.37
2375.28,4991.98,2375.96
2377.68,4991.75,2388.58
2459.59,4988.9,2353.44
2400.46,4971.26,2377.18
1168.49,5105.9,2364.37
1057.94,5098.32,2381.66
1074.72,5047.55,2393.04
1752.08,5067.31,2386.58
1769.86,5070.08,2385.76
1803.17,5014.88,2379.38
1801.53,5067.88,2379.18
1847.08,5092.99,2377.86
1815.36,5023.54,2383.6
1782.42,5069.91,2383
1809.8,5077.99,2380.16
1893.21,5111.21,2381.66
1888.85,5017.47,2390.23
1881.92,5018.98,2394.1
1971.35,5086.36,2337.34
1936.66,5060.4,2342.36
1969.78,5126.53,2343.11
1935.74,5090.46,2345.53
2007.27,5090.82,2345.51
1939,5076.57,2348.41
1979.88,5092.09,2352.79
2005.8,5097.02,2354.67
1925.62,5009.58,2358.2
1986.15,5109.98,2365.69
2028.72,5091.53,2338.42
2039.22,5099.25,2345.6
2090.73,5104.06,2345.87
2050.2,5095.54,2354.58
2056.55,5113.06,2362.61
2066.95,5124.8,2369.98
2242.53,5018.64,2366.79
2222.29,5031.75,2376.21
2149.96,5046.43,2385.58
2140.75,5017.48,2395.26
2187.94,5038.96,2395.24
2153.29,5065.82,2393.01
2293,5011.71,2356.96
2270.98,5079.64,2388.17
1004.26,5239.27,2341.85
1016.16,5243.83,2357.91
1031.91,5245.56,2368.76
1050.82,5181.43,2398.83
1078.22,5158.54,2373.69
1068.41,5168.66,2373.77
1052.89,5233.97,2393.11
2003.8,5156.8,2338.19
1952.36,5245.28,2344.12
1999.75,5166.98,2349.96
1945.58,5140.21,2390.22
2012.36,5132.88,2397.05
2028.35,5143.61,2338.63
2130.95,5240.02,2364.98
2120.12,5143.47,2374.75
2050.11,5146.16,2375.14
2073.93,5132.19,2378.79
2031.23,5175.35,2378.19
2078.52,5136.69,2382.94
2044.93,5178.9,2384.21
2127.83,5140.73,2391.43
2085.1,5162.41,2397.52
2068.05,5170.56,2398.98
2152.07,5163.74,2341.44
2155.76,5208.44,2341.32
2156.52,5178.19,2345.73
2159.36,5183.02,2350.64
2155.6,5232.57,2361.75
2179.06,5202.78,2378.01
2180.45,5246.18,2385.22
2181.21,5235.94,2390.07
2184.09,5212.78,2397.94
2189.36,5228.1,2398.5
2292.49,5171.09,2338.33
2276.67,5175.38,2393.89
2382.44,5163.48,2372.48
1057.37,5250.42,2398.3
1219.82,5348.97,2375.42
1194.44,5322.46,2394.8
1751.63,5298.76,2344.67
1779.62,5351.35,2339.09
1792.21,5346.73,2343.4
1872.33,5267.99,2358.62
1791.43,5263.29,2360.84
1880.18,5265.52,2361.31
1824.1,5283.58,2374.78
2034.64,5281.08,2357.18
2043.5,5261.46,2370.8
2044.88,5257.86,2378.82
2109.75,5292.67,2387.21
2059.99,5347.07,2384.61
2064.63,5332.45,2389.84
2129.42,5258.37,2393.73
2049.67,5362.86,2392.86
2063.02,5249.87,2398.12
2138.56,5263.93,2398
2194.22,5249.68,2353.37
2142.31,5251.71,2385.85
2180.67,5255.69,2393.66
2154.47,5261.01,2397.99
2170.97,5262.25,2397.98
2436.37,5357.56,2360.94
2434.77,5264.36,2390.14
1656.5,5446.4,2364.36
1741.89,5480.15,2394.91
1843.69,5443.51,2357.14
1794.6,5486.42,2357.25
1839.75,5450.51,2361.6
1846.78,5396.85,2383.12
1928.5,5432.34,2354.46
1952.34,5425.72,2377.57
1966.79,5455.27,2377.4
1959.65,5457.1,2381.3
1926.22,5429.62,2392.48
1919.61,5448.21,2399.04
2043.36,5452.74,2345.67
2041.75,5421.58,2361.03
2045.23,5396.11,2370.3
2049.17,5385.32,2376.58
2259.53,5445.04,2349.24
2378.97,5412.96,2340.39
2406.46,5480.15,2350.46
2401.07,5472.28,2374.1
981.932,5593.33,2354.42
1183.03,5505.94,2365.7
1617.92,5539.32,2395.72
1747,5507.49,2394.48
1750.77,5596.92,2394.15
1878.37,5511.48,2343.63
1886.95,5529.79,2387.65
1880.72,5538.6,2391.02
1947.25,5552.55,2354.88
1937.1,5550.63,2361.7
2008.56,5519.92,2365.3
2057.15,5584.11,2355.07
2029.92,5570.52,2359.24
1735.7,5622.9,2385.63
1865.57,5655.26,2355.86
1846.94,5631.61,2371.25
1794.56,5619.49,2375.11
1855.4,5612.35,2397.97
1903.49,5669.25,2364.9
1966.06,5686.98,2369.51
1960.43,5713.2,2368.82
2088.96,5628.05,2342.2
2394.56,5653.28,2371.67
2425.12,5635.02,2382.51
1999.89,5756.42,2363.28
1990.65,5749.44,2366.1
1931.77,5757.22,2386.98
2055.73,5834.24,2338.65
2059.53,5825.3,2343.24
2041.33,5802.03,2352.31
2321.94,5870.15,2357.44
2459.59,5857.02,2337.86
2449.31,5863.54,2341.57
2448.23,5854.97,2350.15
1630,4328.88,2429.67
1539.58,4355.16,2445.81
1875.07,4328.54,2441.24
1208.08,4415.04,2430.76
1330.52,4451.95,2431.28
1343.03,4452.21,2433.39
1316.31,4468.75,2435.13
1615.5,4468.21,2405.74
1576.08,4513.6,2445.02
1483.57,4553.98,2412.78
1455.2,4542.14,2436.46
1483.93,4559.43,2440.74
1514.1,4661.9,2458.76
1607.25,4731.59,2414.68
1551.1,4722.55,2444.18
2149.21,4733.91,2416.79
2159.06,4845.62,2440.91
1000.05,5004.55,2429.86
1832.62,4917.64,2406.22
1812.72,4908.37,2442.99
1941.59,4991.89,2420.86
1898.06,4926.86,2444.38
2137.35,4917.68,2457.58
1015.43,5032.72,2403.41
1014.47,5024.46,2410.61
990.121,5102.67,2416.48
994.963,5014.05,2425.38
994.588,5015.96,2460.91
1108.86,5019.44,2436.32
1600.56,5107.26,2457.18
1643.61,5100.97,2461.28
1736.14,5030.14,2434.54
1750.49,5082.26,2437.84
1759.03,5039.97,2450.31
1848.62,5028.02,2411.52
1867.35,5028.37,2414.32
1896.26,5041.46,2417.06
1847.82,5027.92,2424.91
1803.54,5053.37,2435.08
1839.4,5032.41,2436.28
1803.89,5024.38,2440.58
1856.1,5113.01,2443.05
1791.59,5020.77,2450.77
1794.26,5031.9,2449.72
1779.38,5025.25,2453.93
1805.08,5030.03,2458.86
1937.71,5027.81,2408.53
2009.08,5017.44,2421.65
1939.67,5015.14,2434.26
1909.34,5113.23,2444.57
2049.97,5060.06,2400.49
2135.21,5082.5,2410.88
2130.82,5094.87,2416.34
2129.78,5107.02,2418.53
2124.53,5084.11,2422.36
2024.41,5059.42,2429.77
2134.36,5088.11,2433.91
2133.36,5099.79,2442.88
2133.84,5107.65,2446.58
2133.67,5116.29,2448.42
2018.89,5072,2459.57
2026.05,5118.65,2457.31
2169.16,5052.91,2403.51
2143.08,5051.35,2423.32
2159.32,5061.11,2422.81
2153.02,5068.04,2430.79
959.426,5214.8,2405.82
993.227,5210.37,2445.13
1056.79,5189.64,2406.75
1146.89,5190.97,2406.27
1748.56,5134.05,2433.48
1889,5171.37,2412.63
1818,5175.82,2439.03
1896.33,5191.92,2446.27
1896.3,5200.97,2446.8
1783.73,5174.26,2459.04
1907.98,5130.57,2409.48
2002.72,5177.74,2422.09
2003.44,5186.14,2429.03
2000.13,5218.68,2429.53
2044.67,5190.46,2403.35
2032.61,5154.76,2406.76
2054.76,5192.38,2409.3
2019.84,5210.22,2410.33
2077.98,5239.78,2411.1
2032.4,5161.28,2413.94
2061.86,5194.5,2414.39
2128.97,5139.34,2418.45
2134.91,5144.05,2420.93
2112.36,5190.37,2422.41
2021.33,5241.62,2422.45
2087.53,5189.79,2426.5
2096.02,5192.36,2430.47
2079.89,5198.1,2430.53
2137.87,5205.34,2434.71
2042.78,5192.95,2438.23
2126.34,5206.08,2437.68
2086.75,5207.1,2446.78
2061.52,5198.21,2448.25
2108.88,5216.25,2449.65
2128.64,5168.48,2454.21
2114.51,5219.19,2453.95
2131.99,5138.9,2458.5
2098.06,5236.6,2458.02
2125.27,5179.48,2462.1
2124.14,5226.11,2463.24
2173.43,5155.63,2410.23
2159.56,5202.59,2422.59
2152.25,5202.78,2426.74
2202.66,5240,2430.51
2167.46,5233.33,2462.3
2290.24,5181.83,2409.85
970.094,5273.1,2449.71
979.738,5268.15,2461.8
1158.91,5331.08,2456.32
1254.27,5357.83,2405.04
1751.56,5310.62,2437.79
1705.75,5309.54,2442.34
1723.43,5310.42,2442.51
1752.54,5314.84,2450.66
1826.65,5313.06,2432.99
1786.01,5303.81,2439.18
1884.95,5310.96,2436.82
1804.59,5313.27,2437.39
1887.11,5325.25,2442.67
1807.94,5313.26,2450.5
1788.48,5307.16,2455.25
1892.21,5311.46,2459.29
1927.97,5279.91,2411.73
1922.92,5301.32,2433.37
1907.36,5304.29,2434.99
1933.23,5305.85,2434.03
2000.6,5291,2437.37
1899.65,5307.65,2436.21
1958.74,5308.23,2438.09
2003.14,5292.81,2446.25
1981.68,5299.84,2454.17
1926.62,5303.02,2455.15
1915,5306,2454.48
1962.56,5313.16,2452.21
1965.15,5301.55,2459.22
2117.61,5261.75,2401.22
2123.53,5274.14,2400.6
2134.65,5277.52,2401.68
2055.74,5353.27,2402.01
2057.42,5347.79,2406.21
2099.67,5277.37,2409.73
2070.38,5306.43,2409.45
2100.76,5261.6,2413.45
2087.17,5271.24,2413.07
2088.56,5281.24,2413.29
2058.78,5292.54,2413.92
2074.5,5297.55,2413.96
2059.76,5336.95,2415.43
2053.02,5290.81,2418.1
2064.42,5319.07,2416.63
2078.99,5263.14,2422.17
2062.35,5270.79,2427.18
2032.45,5294.37,2428.79
2094.14,5354.56,2437.56
2035.78,5256.52,2449.44
2091.9,5271.71,2449.78
2078.87,5279,2454.33
2047.39,5291.01,2461.51
2150.92,5274.75,2402.85
2166.12,5281.27,2409.64
2246.12,5288.28,2418.77
2184.49,5276.32,2422.15
2206.56,5269.51,2425.33
2183.99,5318.21,2426.54
2175.4,5295.57,2430.02
2256.49,5323.17,2430.65
2196.5,5284.33,2433.72
2244.19,5305.97,2433.46
2194.58,5296.51,2438.01
2166.18,5301.71,2436.95
2182.11,5304.56,2438.13
2209.27,5295.79,2445
2194.54,5360.69,2445.24
2340.09,5306.42,2446.31
2262.79,5309.73,2450.17
2459.59,5298.17,2436.27
2441.81,5292.97,2458.92
967.185,5437.68,2459.47
1463.72,5412.23,2416.55
1639.73,5488.92,2455.45
1868.18,5478.49,2429.33
1882.95,5486.36,2443.03
1895.37,5475.91,2447.42
1826.27,5376.45,2458.21
1925.3,5402.44,2406.13
1933.7,5489.78,2423.71
1906.25,5446.21,2431.62
1923.88,5393.02,2445.18
2201.06,5380.55,2421.04
2197.54,5369.74,2428.85
2340.36,5410.49,2418.36
2459.59,5404.14,2410.06
2387.31,5407.36,2420.86
2388.8,5467.81,2433.3
2389.36,5465.49,2441.82
1206.21,5494.58,2401.62
1764.63,5500.5,2400.63
1793.49,5527.27,2407.35
1784.78,5544.86,2406.93
1833.87,5500.13,2418.32
1816.15,5514.84,2417.17
1837.95,5585.21,2421.34
1874.7,5513.92,2446.62
1873.26,5540.76,2447.21
1835.45,5543.67,2461.25
1901.56,5598.8,2429.83
2071.5,5495.81,2400.27
2073.47,5503.56,2402.85
2168.22,5582.39,2453.46
2376.65,5545.28,2419.38
2459.59,5601.88,2414.37
1887.6,5641.38,2413.16
1824.91,5650.28,2463
1930.45,5625.47,2406.88
2402.36,5804.54,2449.31
1245.92,4299.6,2507.34
1770.4,4618.21,2509.89
1827.07,4619.68,2486.32
1178.69,4736.42,2497.76
1641.91,4686.27,2485.69
1618.88,4699.37,2494.42
1796.22,4674.39,2515.39
1776.98,4682.83,2525.52
1807.16,4720,2527.63
1614.38,4814.33,2497.56
2072.22,4829.69,2515.52
2189.41,4837.42,2491.51
2193.04,4840.29,2527.2
995.38,4980.92,2509.75
985.716,4979.15,2524.51
1748.04,4936.99,2487.03
1726.81,4980.29,2490.47
1734.51,4988.85,2498.93
1802.97,4970.35,2517.51
1933.02,4934.29,2474.86
1961.71,4933.78,2477.01
2012.58,4990.62,2523.19
993.61,5007.04,2485.73
1367.5,5096.8,2482.66
1560.55,5101.07,2491.49
1549.98,5093.32,2493
1549.12,5106.24,2496.11
1752.4,5032.32,2480.24
1775.85,5101.86,2486.2
1732.79,5056.38,2497.35
1719.92,5098.77,2506.83
1769.62,5123.07,2512.93
1747.97,5122.76,2520.47
1879.35,5112.87,2481.4
1987.91,5117.22,2467.38
2096.8,5093.49,2509.68
2267.15,5118.6,2491.79
2320.93,5043.12,2527.45
2459.59,5108.44,2489.05
970.874,5223.58,2479.1
1027.19,5184.13,2486.7
1027.74,5191.61,2490.54
1005.9,5193.62,2522.35
1058,5173.78,2518.76
1069.02,5183.11,2522.42
1075.66,5188.46,2526.74
1790.32,5190.74,2471.1
1842.45,5195.16,2470.53
1861,5189.31,2477.89
1869.43,5167.09,2500.85
1801.29,5130.53,2515.36
1960.36,5228.79,2470.61
1954.84,5178.26,2474.3
1984.21,5181.66,2473.85
1998.69,5165.99,2482.57
1977.54,5140.86,2491.15
1950.84,5141.6,2488.88
2008.42,5225.38,2496.13
2081.87,5207.06,2466.25
2129.79,5229.11,2467.06
2117.61,5209.28,2477.71
2129.24,5228.11,2485.71
2137.09,5163.74,2490.56
2041.53,5169.54,2488.65
2038.76,5141.47,2493.68
2133.1,5242.96,2500.53
2130.58,5182.98,2506.43
2060.62,5208.49,2506.22
2125.08,5190.91,2511
2134.59,5193.55,2510.7
2134.01,5203.87,2515.36
2061.22,5247.86,2514.75
2130.32,5228.8,2526.7
2150.3,5232.78,2466.84
2242.67,5200.19,2477.91
2267.93,5229.44,2518.58
2414.13,5225.79,2475.39
2417.41,5232.66,2488.96
2455.76,5132.43,2514.1
997.758,5275.3,2486.02
960.553,5268.52,2512.77
1105.1,5290.77,2481.62
1236.45,5272.74,2477.4
1407.48,5362.06,2481.48
1324.57,5315.69,2494.29
1392.52,5316.57,2521.01
2007.92,5346.11,2471.2
1951.08,5272.44,2491.19
1938.12,5354.74,2497.3
2015.91,5248.87,2509.26
2012.35,5262.27,2513.31
1996.67,5255.49,2516.82
2018.86,5312.11,2467.78
2103.3,5256.37,2470.82
2095.45,5316.45,2470.26
2058.42,5367.52,2474.99
2058.44,5251.04,2481.11
2061.36,5267.62,2483.04
2099.98,5274.52,2482.76
2077.2,5275.72,2485.27
2046.09,5253.42,2488.32
2037.51,5251.04,2498.03
2032.13,5254.84,2502.06
2138.19,5318.29,2501.25
2025.85,5249.87,2504.95
2086.16,5265.87,2512.21
2102.57,5273.04,2513.3
2089.96,5325.15,2513.03
2045.36,5248.79,2521.9
2030.99,5251.33,2525.68
2216.88,5264.7,2470.98
2225.69,5307.48,2470.29
2234.1,5310.4,2474.29
2256.19,5310.68,2479.42
2203.17,5333.15,2485.19
2182.44,5254.62,2490.97
2247.38,5321.32,2493.39
2235.8,5290.6,2497.92
2184.03,5353.92,2496.97
2253.94,5304.5,2501.96
2193.38,5347.17,2500.67
2159.03,5327.6,2505.46
2166.59,5346.62,2505.43
2243.61,5345.83,2513.72
2167.32,5264.31,2517.87
2196.4,5267.79,2518.18
2254.38,5355.84,2522.12
2183.03,5270.59,2526.22
2197.52,5276.29,2525.89
2301.04,5302.44,2480.69
2284.82,5302.78,2491.63
2357.27,5363.25,2505.08
2263.58,5334.46,2514.27
2322.49,5253.21,2526.17
2281.83,5317.53,2527.64
2279.75,5340.98,2525.26
2266.42,5355.03,2525.3
2459.59,5349.17,2524.98
1204.28,5488.39,2470.73
1603.11,5377.17,2493.15
1665.98,5469.14,2472.45
1955.1,5400.12,2475.42
1921.88,5457.21,2477.99
1995.04,5372.99,2490.06
1955.98,5413.18,2489.6
1923.99,5450.35,2497.47
1912.08,5467.31,2500.43
1959.44,5417.05,2516.02
2015.08,5425.28,2519.42
2124.71,5403.61,2466.21
2028.86,5400.91,2481.78
2166.65,5399.98,2489.87
2392.12,5454,2465.9
2392.74,5398.17,2474.02
1255.05,5501.49,2505.18
1891.84,5509.39,2475.52
1854.59,5530.18,2493.27
1877.04,5520.86,2497.64
1843.2,5581.64,2504.87
2011.81,5502.09,2496.93
1746.32,5625.69,2494.78
1843.55,5632.55,2483.26
1820.19,5627.83,2487.31
1787.28,5618.31,2500.59
1421.49,4282.45,2547.58
1466.04,4361.79,2544.56
1436.66,4312.97,2550.77
1733.94,4520.36,2534.55
2360.33,4436.99,2556.31
2395.85,4441.48,2542.42
2394.6,4454.27,2541.41
2386.1,4441.81,2545.64
1847.81,4581.44,2585.65
1867.96,4553.84,2589.42
1837.12,4594.88,2590.13
1169.89,4645.08,2573.99
1727.45,4719.65,2533.2
2014.02,4765.11,2579.72
1531.15,4854.74,2582.27
1564.47,4827.33,2558.41
1785.35,4805.3,2549.9
2204.55,4836.48,2572.65
2229.49,4863.73,2579.19
1009.48,4930.2,2559.17
1275.7,4924.5,2543.38
1815.86,4965.54,2534.07
1894.15,4974.41,2589.45
2101.79,4900.48,2583.17
1412.82,5054.03,2571.55
1472.84,5077.05,2538.52
1459.51,5067.21,2549.01
959.941,5129.1,2549.69
984.739,5138.6,2551.18
995.981,5141.29,2557.85
1019.35,5158.04,2557.52
1027.76,5225.7,2558.62
1128.28,5203.63,2531.55
1156.45,5206.48,2534.15
1087.33,5243.46,2553.38
1249.75,5151.52,2540.32
1199.72,5201.27,2540.74
1240.64,5199.43,2563.41
1268.63,5179.78,2585.43
1311.57,5242.17,2544.37
1295.4,5234.07,2551.01
1327.15,5228.04,2566.89
1300.49,5213.56,2571.29
1336.37,5213.91,2585.13
1789.26,5208.17,2537.59
2131.18,5240.3,2534.76
2125.8,5211.36,2555
2152.54,5226.25,2553.5
2211.1,5238.03,2570
2316.8,5155.66,2565.48
1401.2,5268.83,2561.51
1896.8,5336.58,2534.5
1882.73,5263.82,2569.69
1859.65,5252.57,2575.16
1837.13,5254.79,2582.59
1820.35,5259.59,2586.88
1962.79,5256.38,2530.01
2006.34,5257.45,2535.46
1951.56,5256.11,2538.4
1930.78,5251.95,2541.04
1945.5,5255.78,2542.1
1940.19,5255.53,2548.31
1972.68,5256.44,2551.23
1917.13,5257.32,2548.13
1928.51,5249.92,2553.04
1920.08,5253.69,2557.56
2023.43,5252.97,2528.99
2133.24,5252.8,2533.88
2135.35,5264.11,2537.97
2127.34,5288.3,2540.84
2109.47,5331.76,2557.48
2102.01,5356.41,2567.66
2117.37,5266.43,2575.43
2127.36,5333.29,2582.4
2119.83,5361.18,2587.47
2245.15,5364.36,2533.59
2148.55,5297.14,2538.43
2157.85,5291.9,2545.44
2166.96,5291.98,2545.81
2194.83,5292.73,2546.3
2177.09,5308.23,2547.01
2157.71,5322.99,2546.73
2188.71,5306.36,2554.37
2166.72,5327.5,2558.65
2171.39,5338.69,2578.27
2207.75,5368.64,2581.09
2185.99,5336.3,2586.12
2188.86,5351.11,2587.45
2239.45,5334.76,2591.07
2293.03,5325.55,2540.62
2298.7,5343.75,2546.92
2370.52,5287.91,2553.34
2306.76,5366.39,2553.74
2324.27,5356.7,2558.43
2333.12,5365.45,2564.99
1303.77,5475.84,2560.32
1768.56,5442.41,2578.99
1757.76,5438.81,2582.12
1854.69,5460.34,2549.27
1796.76,5442.91,2570.28
1858.08,5436.39,2577.57
1867.04,5426.72,2582.99
1894.68,5434.96,2580.42
1996.08,5377.53,2556.15
1947.06,5410.69,2557.34
2015.74,5437.41,2561.87
1914.12,5425.99,2567.35
1935.99,5412.81,2569.56
1898.81,5451.67,2590.28
2257.67,5374.02,2557
2184.28,5375.53,2559.64
2182.74,5383.49,2577.88
2194.51,5406.72,2578.27
2181.83,5374.33,2582.76
2172.54,5403.08,2580.91
2367.93,5419.11,2548.42
2316.77,5373.39,2558.42
2395.95,5434.56,2538.81
2407.66,5462.3,2570.91
1824.28,5609.08,2546.25
2263.03,5496.81,2532.95
2385.58,5552.97,2581.99
2296.56,5755.75,2537.14
2351.02,5742.75,2571.51
2348.46,5743.56,2583.98
1802.64,4480.61,2601.3
1980.46,4448.82,2596.8
1901.5,4522,2599.03
1962.81,4466.66,2606.09
1964.91,4509.58,2624.43
2323.34,4495.79,2614.22
2317.86,4500.38,2629.34
1829.19,4600.67,2601.24
1817.83,4607.53,2605.03
1894.08,4545.1,2609.72
1894.28,4548.32,2627.71
1797.8,4574.67,2636.5
1826.65,4546.02,2654.87
1934.14,4527.82,2629.67
1405,4726.26,2628.58
1817.58,4777.98,2602.79
2145.38,4827.06,2602.48
2191.51,4826,2611.44
1503.63,4939.81,2603.25
1456.34,4964.28,2635.17
1492.86,4936.36,2638.68
1471.01,4956.25,2637.41
1480.19,4943.59,2645.99
1548.57,4912.52,2625.97
1542.44,4929.06,2627.65
1614.95,4968.54,2635.5
1837.04,4983.57,2612.8
2027.81,4984.24,2646.36
2248.41,4907.11,2644.88
1000.47,5116.9,2615.07
1035.86,5100.1,2650.96
1353.95,5055.67,2619.43
1343.52,5046.26,2626.06
1299.35,5051.63,2643.21
1338.48,5125.4,2646.05
1432.44,5043.37,2652.61
1822.2,5089.7,2593.79
1815.09,5043.3,2609.06
2070.75,5127.2,2622.46
2228.48,5102.91,2640.02
1011.04,5133.26,2595.98
1085.16,5243.88,2594.1
1136.73,5146.1,2611.51
1112.95,5195.11,2653.86
1315.58,5169.56,2612.16
1408.24,5205.64,2622.55
1401.07,5176.79,2625.04
1421.02,5170.5,2653.05
1765,5234.36,2604.51
1735.99,5240.89,2649.53
1805.61,5130.79,2594.24
1803.6,5144,2592.8
1800.88,5194.22,2606.73
1807.19,5191.33,2614.38
2083.95,5147.16,2611.4
2108.81,5232.02,2614.77
2172.31,5239.19,2601.51
2153.07,5214.41,2637
2330.38,5215.54,2647.83
2459.09,5207.72,2629.59
1763.91,5281.22,2603.42
1771.7,5269.12,2605.2
1776.09,5349.21,2642.39
1803.47,5262.96,2595.4
1784.1,5272.32,2641.15
1782.23,5351.1,2645.75
2009.75,5357.8,2616.36
1992.73,5326.82,2655.39
2059.26,5340.63,2609.97
2136.01,5363.69,2609.39
2053.44,5305.97,2635.01
2093.18,5261.52,2649.38
2062.14,5289.23,2650.81
2247.68,5340.78,2597.84
2164.25,5363.69,2598.3
2196.82,5369.22,2602.73
2205.6,5359.47,2614.76
2205.75,5365.15,2620.45
2235.79,5353.59,2627.17
2251.81,5359.67,2642.74
2330.51,5283.73,2601.93
2332.08,5284.81,2610.49
2271.41,5358.69,2646.79
2277.92,5358.78,2651.09
2454.61,5275.67,2594.52
2455.34,5355.67,2619.32
1757.34,5372.2,2628.41
1828.65,5424.58,2595.55
1891.74,5469.07,2611.12
1904.16,5451.09,2598.46
1971.38,5393.79,2603.35
1988.86,5390.15,2615.26
2016.94,5436.12,2616.62
1930.19,5437.08,2632.73
2069.21,5371.15,2614.84
2049.03,5374.44,2619.07
2052.11,5386.8,2623.06
2056.75,5399.43,2630.9
2181.81,5371.98,2616.49
2184.97,5376.62,2646.49
2219,5375.28,2650.85
2361.41,5375.83,2629.95
2391.51,5423.11,2595.61
2400.33,5417.19,2654.6
1731.73,5684.3,2637.34
1044.04,4384.76,2658.9
1856.73,4340.08,2681.38
1866.56,4483.2,2717.17
2277.71,4519.61,2662.64
1253.2,4644.19,2702.14
1838.41,4636.95,2719.49
2118.18,4549.62,2696.53
2075.12,4552.58,2698.72
2132.75,4530.71,2707.37
2117.44,4582.11,2713.19
2208.57,4546.37,2707.88
2262.17,4530.83,2689.88
1354.68,4676.93,2658.66
2173.97,4837.35,2677.36
2162.57,4832.17,2711.81
1313.56,4988.02,2697.54
1458,4928.02,2660.86
1417.3,4925.46,2714.55
1566.75,4960.88,2664.28
1538.55,4973.21,2698.96
1550.94,5001.96,2702.64
1984.44,4969.06,2685.77
1007.52,5076.64,2665.97
991.547,5049.61,2693.12
1018.47,5055.56,2693.86
1028.75,5056.64,2697.18
1153.4,5063.45,2695.05
1061.41,5059.38,2705.86
1081.26,5060.94,2705.98
1255.27,5056.95,2658.58
1228.54,5054.01,2660.83
1193.05,5052.24,2678.53
1315.22,5073.37,2674.11
1326.47,5075.28,2672.42
1440.14,5042.37,2657.96
1583.9,5051.49,2666.99
1573.62,5041.02,2669.46
1837.04,5046.43,2705.54
1987.98,5093.36,2681.49
1429.61,5150.92,2658.23
1478.8,5137.14,2677.01
1789.12,5192.39,2683.44
2147.27,5173.91,2666.39
2184.63,5247.83,2679.04
2343.49,5178.17,2670.33
1806.36,5345.53,2657.77
1850.81,5348.42,2672.99
1910.74,5351,2662.16
1960.89,5331.94,2669.8
2088.95,5259.97,2671.18
2257.43,5361.54,2657.14
2379.98,5282.58,2678.12
2308.27,5262.45,2688.6
2375.19,5256.65,2698.38
2383.69,5268.36,2698.24
2130.7,5426.9,2697.99
2134.98,5385.66,2707.31
2213.15,5376.46,2668.85
2177.09,5384.65,2670.77
2160.13,5387.1,2669.68
2257.66,5375.29,2689.93
2215.92,5376.64,2698.83
2284.33,5371.6,2699.58
2427.04,5436.15,2669.97
2408.24,5415.82,2678.76
2418.95,5412.71,2689.16
1733,5586.6,2697.72
2141.69,5604.26,2665.28
2231.7,5672.31,2683.66
2237.97,5655.33,2685.13
1892.21,4429.72,2740.62
1941.6,4403.46,2741.72
1837.13,4624.38,2736.46
2112.77,4569.34,2752.35
2124.05,4557.34,2769.53
2234.84,4567.93,2752.89
969.074,4745.44,2737.67
989.594,4712.07,2769.08
1827.97,4665.06,2731.78
1821.08,4683.39,2781.16
957.459,4788.85,2731.72
1409.18,4857.91,2782.39
1983.09,4875.61,2741.18
984.808,4999.36,2756.56
1290.49,4976.5,2723.41
1284.39,4969.23,2737.05
1344.58,4915.22,2762.12
1514.03,4888.55,2731.62
1795.31,4980.42,2745.48
1777.99,4967.99,2750.59
993.367,5032.09,2729.23
1077.65,5044.6,2731.16
1196.62,5114.42,2778.29
1511.78,5101.55,2729.91
1496.39,5090.19,2733.78
1521.02,5069.42,2748.81
1497.86,5086.78,2762.56
1540,5017.19,2725.45
1083.99,5165.64,2779.9
1209.48,5127.92,2756.76
1876.88,5240.87,2769.5
1854.78,5234.77,2777.91
2038.46,5219.85,2747.97
1874.96,5264.07,2738.96
1933.95,5275.62,2730.94
2258.97,5355,2735.29
2259.08,5353.55,2749.6
2141.88,5340.32,2757.56
2311.35,5368.28,2725.67
2345.14,5365.89,2738.45
2372.43,5357.41,2765.5
2382.6,5364.58,2745.68
1755.97,5471.81,2768.97
1817.23,5482.17,2738.12
1947.61,5395.96,2726.19
1996.59,5384.15,2729.84
2012.54,5384.08,2732.75
2297.9,5377.43,2726.62
2345.89,5405.18,2739.27
2341.74,5400.11,2746.33
2351.78,5405.75,2745.39
2336.32,5394.3,2754.14
2320.13,5378.91,2761.36
2373.76,5410.65,2765.2
2416.95,5376.52,2725.07
2434.25,5384.91,2725.94
2459.59,5388.09,2779.74
2446.43,5411.51,2782.11
1523,5570.27,2758.32
1625.43,5527.91,2722.76
1562.14,5560.83,2746.74
1248.66,5681.33,2741.37
1612.39,5621.72,2732.87
2275.11,5614.4,2742.72
2266.84,5614.97,2741.5
2431.26,5626.82,2720.3
2394.76,5629.48,2752.66
1765.37,5809.74,2765.28
2070.52,4604.06,2790.45
2218.68,4608.13,2821.16
1009.92,4686.57,2788.65
1023.37,4672.48,2821.74
1016.64,4690.77,2820.3
1024.56,4681.88,2835.76
1188.43,4688.61,2833.78
1819.51,4689.8,2785.18
1816.73,4713.97,2806.75
1839.18,4714.51,2807.35
1846.97,4715.6,2809.9
1813.33,4735.6,2838.86
1370.53,4858.61,2815.03
1361.45,4858.93,2821.38
1304.67,4862.83,2821.81
1333.87,4861.04,2830.6
1857.09,4769.75,2822.14
1046.37,4996.12,2797.7
1076.23,4994.27,2793.96
1194.02,4927.95,2808.55
1178.55,4926.15,2815.33
1294.7,4924.43,2823.48
1780.06,4923.52,2841.92
1152.75,5114.06,2796.65
1291.59,5076.88,2798.49
1278.58,5079.56,2802.5
1227.52,5102.11,2817.58
1311.66,5077.24,2788.45
1350.82,5088.19,2788.27
1393.23,5103.38,2798.78
1428.81,5104.64,2828.05
1426.6,5106.97,2846.66
1550.77,5095.75,2795.87
2126.11,5092.02,2809.92
2242.99,5091.94,2792.31
2271.62,5043.4,2796.33
2377.51,5067.64,2832.58
2357.05,5051.48,2838.63
1050.29,5173.96,2794.22
1048.48,5172.96,2842.72
1418.92,5132.78,2814.77
1835.73,5225.24,2785.12
1782.33,5195.91,2834.36
1901.7,5212.86,2796.85
2013.49,5231.26,2842.92
2070.31,5243.63,2816.54
2119.42,5212.36,2843.2
1484,5313.61,2825.73
1826.61,5343.62,2806.75
1837.68,5354.92,2812.03
1794.99,5297.71,2847.72
1919.81,5334.99,2800.85
1996.91,5260.39,2822.04
1939.2,5278.48,2827.26
2041.41,5313.57,2786.06
2424.75,5355.8,2796.98
2425.62,5354.53,2817.48
1750.59,5456.63,2845.38
1738.84,5462.53,2846.73
1725.99,5466.35,2845.93
1868.81,5424.81,2837.86
1833.46,5431.57,2844.47
1810.59,5440.92,2846.97
1915.31,5384.67,2806.2
1965.7,5402.14,2810.19
1985.4,5402.43,2811
1933.67,5409.54,2819.48
2095.48,5406.47,2815.54
2066.63,5406.77,2817.84
2178.94,5411.15,2818.33
2149.31,5407.96,2822.71
2227.23,5437.68,2841.43
2289.3,5387.66,2795.15
2331.7,5395.77,2795.72
2330.32,5374.73,2800.83
2347.04,5383.4,2814.1
2260.71,5408.55,2813.06
2354.45,5382.68,2818.56
2302.66,5424.02,2816.51
2320.52,5423.73,2821.63
2450.06,5416,2793.19
2459.59,5430.33,2803.17
2459.59,5427.03,2814.99
2453.74,5405.53,2842.82
1453.51,5603.11,2801.37
2378.16,5550.15,2784.84
2452.73,5491.92,2822.86
1378.44,5618.09,2810.38
2222.84,5638.06,2847.84
2017.82,4350.81,2884.08
1032.53,4417.44,2862.58
1056.02,4633.31,2866.83
1061.37,4622.32,2870.98
1117,4539.07,2880.68
1080.35,4580.14,2881.55
1104.09,4539.44,2884.98
1018.48,4692.85,2862.04
1026.51,4676.2,2866.76
1041.05,4668.94,2881.15
975.424,4693.76,2893.3
996.521,4707.95,2893.25
990.992,4718.09,2894.71
970.361,4733.36,2908.56
1150.29,4711.68,2857.8
1119.69,4723.9,2857.66
1089.4,4669.74,2881.56
1096.73,4682.38,2882.71
1131.09,4752.41,2895.11
1085.44,4671.49,2896.64
1130.23,4744.83,2897.43
1171.12,4746.69,2905.84
1168.44,4729.81,2910.19
1177.69,4763.15,2902.94
1204.52,4762.62,2909.46
2196.22,4646.31,2885.89
1038.27,4785.86,2900.45
1011.63,4798.36,2910.26
1085.66,4836.62,2885.88
1249.55,4870.51,2851.31
1283.15,4828.73,2866.73
1251.38,4876.31,2868.35
1217.3,4830.7,2875.43
1222.8,4839.54,2873.47
1234.33,4854.32,2873.29
1188.09,4784.12,2895.33
1210.78,4796.71,2895.19
1219.76,4851.31,2904.69
1413.14,4883.98,2893.25
1428.24,4875.61,2857.38
1801.89,4779.23,2872.95
1087.35,4894.92,2862.84
1253.11,4923.91,2879.69
1221.27,4953.78,2888.87
1230.72,4924.07,2894.02
1188.93,4949.75,2895.17
1211.41,4957.1,2894.09
1189.48,4949.93,2906.44
1786.69,4934.56,2850.59
1984.96,4979.49,2893.76
1044.23,5095.66,2886.91
1141.18,5109.04,2902.6
2128.6,5097.73,2910.52
2243.81,5028.03,2900.69
2320.47,5029.39,2869.05
2295.62,5022.48,2894.06
2295.02,5035.07,2892.58
1076.99,5148.12,2881.16
1450.51,5128.98,2882.32
1452.63,5133.33,2904.73
1734.13,5209.29,2871.1
1765.64,5179.46,2878.26
1773.73,5152.75,2898.92
1864.02,5233.44,2869.38
1821.61,5217.1,2892.93
1990.68,5206.41,2874.51
1959.92,5198.04,2886.66
2096.7,5203.79,2850.88
2086.03,5187.24,2864.34
2044.87,5172.87,2893.52
2343.95,5180.77,2887.36
2438.56,5153.74,2869.95
1292.22,5351.38,2884.15
1323.68,5316.41,2874.69
1293.67,5362.45,2894.48
1789.97,5290.89,2854.16
2386.21,5366.36,2885.83
1776.45,5446.12,2849.39
1716.58,5468.79,2850.75
1783.7,5473.72,2889.59
1949.01,5399.79,2866.13
2395.78,5448.23,2860.22
2382,5376.79,2874.03
2441.13,5454.78,2885
2392.47,5379.99,2890.82
2396,5371.3,2898.06
2453.9,5377.48,2911.12
1326.87,5663.83,2870.05
2127.91,5668.92,2899.21
2202.17,5646.55,2865.91
2178.99,5654.94,2882.72
2162.01,5656.79,2884.86
2318.58,5629.76,2852.43
1051.47,4451.79,2965.26
1067.23,4431.09,2951.36
1097.47,4475.96,2954.53
1161.85,4633.8,2944.87
1085.2,4652.16,2922.12
1161.71,4697.33,2923.05
1075.99,4651.23,2945.82
1180.54,4743.59,2920.43
1178.26,4722.09,2929.34
1221.67,4736.04,2957.48
961.282,4823.67,2958.64
1215.15,4768.66,2915.51
1216.52,4877.73,2918.68
1205.03,4877.27,2934.37
1194,4780.61,2938.79
1202.34,4816.46,2939.51
1790.41,4862.42,2952.92
1988.54,4841.59,2956.68
964.248,4942.77,2933.52
978.607,4943.8,2933.52
1014.63,4940.73,2945.38
1098.32,5006.12,2929.39
1081.52,4997.15,2970.09
1188.65,4904.62,2930.52
1200.98,4998.34,2970.4
1873.81,4991.65,2973.97
1938.46,4890.59,2922.69
1973.04,4902.52,2925.96
1992.03,4893.73,2936.59
1935.26,4975.77,2967.29
2184.07,4953.7,2945.09
1043.48,5102.45,2917.67
1158.87,5105.17,2936.01
1068.32,5049.25,2942.03
1153.28,5112.62,2953.68
1244.91,5065.05,2937.28
1241.26,5058.09,2943.51
1794.59,5097.94,2954.16
1996.39,5118.88,2940.97
2165.91,5021.84,2913.59
2361.26,5074.43,2912.81
1133.41,5142.89,2940.48
1119.47,5130.97,2945.11
1159.46,5131.03,2951.39
1122.16,5152.48,2957.4
1153.2,5133.06,2961.58
1146.07,5139.24,2963.44
1136.67,5150.49,2966.18
1121.32,5173.02,2973.19
1800.86,5131.8,2957.54
1966.21,5169.23,2914.2
1921.91,5140.47,2954.41
2025.5,5138.01,2921.69
991.906,5354.01,2931.42
951.186,5261.57,2974.98
2041.38,5421.2,2935.51
2183.21,5472.95,2918.03
2333.9,5478.44,2974.92
2405.04,5392.02,2914.35
2443.33,5410.48,2922.11
2424.79,5374.57,2946.14
2391.14,5474.19,2955.49
2449.95,5388.19,2961.93
2459.59,5472.1,2961.2
2428.77,5399.57,2966.75
2447.7,5402.27,2970.89
2436.43,5402.85,2971.12
2211.33,5588.72,2949.66
2131.54,5728.09,2963.23
2146.33,4702.62,2982.43
1035.53,4874.14,3012.75
987.131,4845.7,3038.09
1159.44,4814.67,3010.72
1136.23,4856.69,3014.98
1153.06,4807.37,3024.89
1179.53,4796.94,2986.71
1175.77,4846.99,3009.71
931.256,4939.17,2994.04
1019.15,4900.27,3037.9
1061.5,4945.84,2990.56
1112.05,4966.89,3018.71
1199.57,4987.81,2976.52
1881.08,4981.99,2981.42
1933.85,4957.9,2976.88
1076.83,5081.73,2982.25
1080.12,5027.06,2985.89
1077.83,5044.79,2985.55
1075.86,5100.16,2993.81
1063.29,5124.11,2995.52
1077.74,5063.18,2996.78
1058.09,5120.83,3001.73
1081.59,5116.9,3022.89
1182.69,5114.04,3001.86
1422.24,5103.54,2981.11
1444.25,5077.69,3030.12
1471.84,5108.79,3038.33
1895.27,5099.19,2995.41
2012.41,5034.73,2986.71
1044.75,5174.2,2997.55
1049.87,5133.47,3001.33
1036.01,5207.21,3002.36
1022.89,5234.29,3003.87
931.256,5151.04,3007.14
1020.31,5241.45,3005.43
1151.16,5198.65,3013.99
1137.96,5226.5,3014.53
1150.67,5237.34,3022.26
1096.82,5135.46,3038.89
1178.15,5196.1,3000.52
1211.65,5191.37,3015.24
1231.58,5162.61,3019.14
1180.18,5141.46,3023.57
1401.54,5134.6,2995.19
1323.97,5187.01,3017.35
1318.79,5202.04,3022.16
1324.55,5213.83,3026.3
1761.14,5205.34,3023.03
1879.17,5167.92,3001.79
1777.77,5221.46,3010.94
965.344,5312.9,2988.83
965.719,5291.96,3010.37
1122.67,5253.99,3037.21
1169.5,5257.2,3038.58
1336.8,5301,3001.88
1792.33,5252.14,3008.48
1003.51,5460.37,3027.16
980.02,5476.26,3030.57
997.49,5484.16,3028.58
2364.15,5465.68,2982.3
2402.83,5461.17,2986.62
2426.64,5454.07,3022.22
2240.31,5505.02,3017.18
2270.7,5492.95,2989.63
1980.33,5692.19,3037.34
2220.52,5622.85,2984.04
2177.21,5724.12,3011.33
2215.51,5623.23,3036.94
2008.24,5734.9,3010.28
2014.28,5757.39,3018.44
2049.92,5740.3,3015.9
1150.68,4499.38,3093.97
1189.37,4567.75,3043.08
1179.69,4528.14,3051.1
1219.61,4617.18,3057.95
1176.8,4625.57,3070.48
1288.23,4640.55,3082.39
1162.13,4660.61,3087.6
1104.83,4829.29,3041.31
1112.3,4814.55,3053.63
1118.13,4808.26,3057.49
1130.09,4774.42,3090.53
1386.02,4791.79,3045.91
1915.13,4831.93,3063.36
1142.59,4969.15,3042.81
1162.69,4983.88,3046.27
1618.08,4976.23,3075.7
1917.77,4929.24,3100.4
1039.41,5017.72,3077.8
1036.54,5060.76,3101.79
1100.23,5139.09,3053.75
1166.99,5214.58,3065.83
1228.51,5224.44,3051.69
1174.38,5210.1,3075.07
1206.57,5211.47,3083.29
1021.86,5301.78,3057.94
1032.2,5321.61,3067.19
1002.48,5348.88,3073.96
1114.73,5263.19,3043.07
1100.19,5278.44,3049.91
1157.01,5282.33,3063.7
1117.02,5288.34,3062
1104.41,5294.56,3070.42
1080.53,5322.08,3072.58
1104.94,5313.58,3076.53
1130.74,5312.32,3081.34
1120.75,5315.69,3081.41
1135.23,5264.03,3084.22
1079.83,5333.47,3085.01
1096.09,5335.33,3086.8
1126.04,5275.81,3088.94
1167.54,5304.96,3090.49
1085.42,5335.33,3093.39
1084.83,5350.58,3098.92
1090.63,5355.1,3098.92
1075.92,5360.38,3097.34
1101.18,5351.83,3100.57
1173.73,5365.72,3054.55
1198.91,5274.24,3079.01
1216.54,5262.11,3080.81
1179.52,5288.57,3080.61
1201.86,5285.86,3096.74
2367.98,5254.71,3078.25
955.851,5482.63,3078.04
982.541,5483.06,3098.5
1042.96,5383.93,3103.63
1177.36,5377.59,3062.97
1344.96,5381.38,3040.65
1330.66,5389.42,3056.43
1324.99,5449.84,3098.41
1342.1,5466.79,3099.74
978.606,5501.04,3084.13
1356.35,5490.98,3077.6
1717.05,5552.13,3079.31
2209.71,5511.6,3050.37
2199.25,5516.3,3063.66
2107.55,5716.4,3051.39
2214.61,5634.26,3090.86
1949.9,5808.86,3069.01
1972.21,5836.04,3073.46
1969.3,5815.71,3092.13
2009.73,5772.95,3098.88
1142.91,4481.1,3149
1150.17,4512.46,3153.03
1098.17,4744.33,3149.79
1088.96,4740.28,3153.86
2125.09,4677.14,3110.14
978.877,4879.57,3158.93
1068.26,4997.11,3140.84
1091.14,4945.27,3165.8
1849.14,4999.25,3107.42
1104.61,5022.75,3122.52
1120.2,5044.49,3141.87
1114.56,5039,3151.45
2037.68,5035.74,3110.14
2073.74,5109.12,3136.77
2281.65,5126.85,3134.51
1149.52,5225.05,3118.99
1158.39,5225.16,3136.77
1511.18,5227.43,3111.59
1785.52,5225.64,3113.65
2245.56,5227.45,3152.16
1120.74,5354.14,3105.42
1126.75,5288.06,3110.58
1101.6,5329.72,3110.96
1156.86,5338.77,3110.24
1140.74,5257.66,3138.19
1170.66,5357.69,3140.21
1168.97,5322.43,3158.12
1158.24,5328.77,3161.47
1167.7,5291.98,3167.32
1179.86,5315.86,3107.61
1192.39,5306.6,3108.38
1185.97,5326.66,3121.15
1246.34,5284.84,3126.36
1177.93,5349.6,3131.08
1281.2,5250.98,3138.5
1188.85,5330.93,3166.64
1474.24,5263.48,3114.1
1461.64,5272.44,3125.76
1808.15,5256.26,3111.58
1794.49,5256.62,3126.94
2408.73,5351.75,3113.63
2459.59,5322.48,3118.39
1048.98,5393.26,3110.75
1050.55,5421.35,3124.38
1031.3,5397.68,3133.56
1071.66,5377.17,3109.72
1100.4,5373.08,3114.18
1055.25,5395.94,3113.68
1062.79,5397.23,3115.43
1080.21,5405.72,3126.8
1157.84,5371.94,3129.09
1068.67,5432.53,3133.71
1124.98,5411.65,3137.01
1084.58,5431.81,3138.72
1127.59,5417.92,3140.48
1084.04,5445.48,3143.61
1071.29,5450.48,3142.82
1108.75,5439.49,3146.21
1099.8,5444.88,3146.83
1122.04,5440.05,3148.89
1143.96,5441.82,3151.67
1069.17,5463.62,3148.75
1084.13,5464.81,3152.61
1159.49,5390.63,3158.95
1332.76,5484.2,3110.97
1363.19,5487.01,3108.51
1334.66,5472.42,3142.89
1378.97,5463.66,3161.37
1867.87,5392.28,3149.86
1340.72,5494.33,3110.98
1375.69,5497.91,3135.45
1860.3,5596.24,3106.92
2124.41,5604.74,3113.69
2131.4,5554.3,3122.21
2121.66,5559.02,3129.9
2076.48,5586.99,3166.59
2196.46,5494.46,3115.04
1983.8,5711.08,3119.52
2108.61,5681.09,3113.79
1983.06,5773.42,3137.64
1898.47,5889.51,3108.63
1912.22,5889.23,3114.11
1079.82,4394.63,3170.82
1003.74,4499.08,3205.88
1007.98,4505.94,3207.51
1129.47,4457.07,3187.64
1021.79,4551.44,3210.38
1149.26,4574.61,3172.13
1188.6,4617.9,3206.32
1236.21,4641.12,3219.2
1222.56,4637.78,3221.73
970.773,4724.85,3190.41
1160.4,4741.36,3197.24
1068.3,4685.57,3230.07
1271.46,4655.65,3220.39
1902.31,4678.48,3217.1
1209.97,4997.21,3220.36
1185.94,4975.46,3229.57
1229.71,5009.11,3218.45
1287.18,5036.79,3217.07
1381.58,5076.86,3178.78
1375.82,5113.64,3187.38
1308.68,5045.08,3225.2
1272.79,5221.11,3171.5
1191.79,5298.64,3175.5
1179.7,5343.86,3174.16
1174.29,5310.12,3185.21
2058.01,5288.67,3225.11
2202.65,5263.61,3172.8
2459.59,5314.92,3173.81
2459.59,5465.89,3187.14
1137.14,5501.56,3174.2
1098.65,5542.72,3184.8
1107.29,5543.13,3184.81
1490.99,5557.39,3211.25
1460.03,5534.21,3218.87
1524.08,5562.31,3226.78
2036.41,5612.13,3194.05
2026,5619.16,3202.39
2018.34,5626.76,3214.43
1276.83,4669.69,3242.94
1330.3,4683.44,3261.18
1272.9,4773.18,3289.95
1125.83,5001.82,3261.66
1111.23,4904.42,3265.74
1117.61,5004.36,3276.72
1102.2,4888.09,3281.73
1094.46,4888.09,3285.69
1103.12,5001.53,3293.94
1801.79,4889.87,3241.12
1129.41,5011.15,3270.09
1351.29,5059.45,3245.5
1375.7,5125.46,3249.46
1370.88,5069.71,3261.92
1315.24,5155.29,3257.85
1404.05,5179.24,3262.85
1347.21,5189.99,3267.54
1799.37,5229.06,3286.13
2006.41,5132.08,3288.88
1464.58,5354.83,3288.69
2014.31,5290.44,3245.02
1988.91,5292.04,3253.84
1950.88,5290.87,3269.06
1904.49,5292.36,3284.71
1994.66,5443.5,3248.07
2109.81,5474.09,3285.7
2212.91,5418.97,3255.54
2160.45,5440.19,3266.25
2318.15,5486.16,3234.64
2276.77,5425.73,3239.33
2307.39,5489.46,3239.03
2459.59,5456.65,3250.92
1912.5,5702.83,3282.83
2252.06,5716.46,3262.33
931.256,4828.02,3316.2
1158.12,4808.97,3311.07
1079.81,4838.33,3315.37
1110.85,4849.77,3342.39
1104.81,4856.76,3342.37
1267.51,4791.35,3317.54
1957.05,4783.8,3358.11
1116.48,5006.52,3307.11
1140.17,4926.49,3313.54
1130.79,4911.35,3335.3
1138.91,4915.59,3337
1153.56,4928.2,3343.93
1228.2,4943.06,3322.31
1112.7,5022.33,3298.29
1101.97,5014.3,3301.12
1092.77,5007.22,3308.78
1416.66,5099.64,3302.51
1392.59,5174.71,3357.59
1521.5,5263.81,3318.56
1498.86,5310.3,3327.78
1504.01,5255.31,3349.71
1557.09,5282.86,3347.23
1847.65,5300.26,3302.88
1825.06,5304.54,3321.68
1800.46,5320.66,3333.25
2311.7,5630.04,3337.01
1142.4,4840.48,3379.52
1141.01,4828.57,3382.87
1284.91,4812.1,3379.66
1437.77,5097.15,3394.97
1422.09,5059.17,3418.53
1394.07,5163.07,3412.11
1490.25,5245.71,3363.17
1809.16,5352.78,3379.55
1802.37,5333.21,3422.25
1748.52,5507.14,3410.53
2055.87,5595.56,3386.88
1765.9,5840.86,3418.13
2069.98,4609.75,3480.05
1190.29,4745.29,3472.68
1234.52,4855.75,3436.92
1385.36,4796.34,3437.1
2306.43,4883.68,3437.26
1255.05,4894.92,3485.05
2327.48,4989.67,3441.13
2459.59,4987.16,3429.42
2459.59,4938.71,3486.39
1800.53,5299.87,3458.78
2289.61,5592.76,3430.03
2035.78,5680.96,3458.63
2108.46,5670.95,3468.31
2256.11,5661.85,3429.08
1754.21,5841.2,3427
1742.55,5829.88,3445.72
1794.51,5830.75,3446.37
1901.81,4527.05,3531.18
2213.19,4559.4,3506.49
2190.14,4600.35,3537.51
1272.72,4709.01,3494.6
2025.26,4680.42,3534.14
2038.65,4693.06,3533.36
2050.64,4698.09,3538.42
2076.55,4721.35,3538.27
2065.12,4720.64,3543.87
2018.77,4658.12,3546.1
1325.92,4846.11,3493.03
1329.52,4874.8,3522.86
1624.79,4914.76,3537.65
2341.11,4946.24,3505.52
1397.46,5156.18,3502.37
1791.27,5615.77,3520.24
1886.42,5626.97,3522.27
2006.45,5619.85,3510.05
1905.65,5731.3,3534.06
1912.31,5717.04,3539.14
1904.23,5707.24,3546.65
2143.71,5710.78,3547.56
1374.16,4333.69,3603.75
1294.41,4354.99,3606
1376.56,4397.88,3606
1365.18,4458.49,3589.15
1331.33,4413.57,3598.65
1395.97,4408.35,3606
1398.54,4483.64,3606
1401.85,4493,3606
1954.66,4704.55,3570.11
1942.14,4719.74,3586.37
1946.21,4713.19,3606
1540.68,4839.04,3586.48
1808.92,4782.12,3590.17
1535.94,4944.68,3603.17
1567.08,4916.26,3606
1550.6,4919.55,3606
1559.03,4956.39,3606
1461.96,5038.25,3606
1449,5126.92,3606
1392.17,5157.3,3567.13
1829.48,5357.82,3606
2188.11,5298.46,3595.88
1877.35,5658.76,3552.33
2041.73,5639.18,3578.71
